Store ID,Store Region,Product Category,Product Name,Date,Quantity Sold,Sales Amount,Customer Footfall,Inventory Units,Inventory Value,Inventory Turnover
Store D,West,Electronics,Tablet,2025-01-01,13,293974.17,862,172,3111855.8,1.13
Store D,West,Grocery,Beverages,2025-01-01,5,2822.96,347,90,68659.58,0.49
Store A,North,Grocery,Rice,2025-01-02,6,4539.36,667,70,50703.42,1.07
Store D,West,Grocery,Rice,2025-01-02,6,4547.87,639,112,57418.59,0.95
Store C,East,Home & Lifestyle,Storage Box,2025-01-02,11,30629.58,890,140,300569.93,1.22
Store C,East,Home & Lifestyle,Cushion,2025-01-03,12,37140.44,940,167,397337.88,1.12
Store B,South,Home & Lifestyle,Cookware,2025-01-03,11,20737.97,153,75,130510.31,1.91
Store D,West,Home & Lifestyle,Cushion,2025-01-03,3,3359.44,210,92,98409.99,0.41
Store A,North,Electronics,Smartwatch,2025-01-03,4,91210.43,770,98,1687883.24,0.65
Store B,South,Home & Lifestyle,Bedsheet,2025-01-03,5,8824.89,855,124,200890.12,0.53
Store C,East,Grocery,Rice,2025-01-03,10,8824.2,368,113,69458.03,1.52
Store D,West,Electronics,Headphones,2025-01-03,7,179845.31,883,54,1033235.07,2.09
Store B,South,Grocery,Beverages,2025-01-04,15,18008.32,799,141,138238.67,1.56
Store D,West,Electronics,Laptop,2025-01-04,8,98150.75,362,81,1096035.36,1.07
Store A,North,Grocery,Spices,2025-01-04,12,10210.11,547,123,81188.29,1.51
Store D,West,Grocery,Spices,2025-01-05,2,1884.69,625,87,78842.05,0.29
Store C,East,Grocery,Beverages,2025-01-05,14,14593.44,205,113,105475.61,1.66
Store A,North,Grocery,Cooking Oil,2025-01-05,15,16780.56,809,189,219904.5,0.92
Store B,South,Home & Lifestyle,Storage Box,2025-01-05,4,6046.36,225,96,102024.0,0.71
Store C,East,Electronics,Smartphone,2025-01-06,6,102503.81,674,94,1088935.83,1.13
Store D,West,Grocery,Rice,2025-01-06,8,5999.95,277,151,97091.02,0.74
Store B,South,Home & Lifestyle,Cushion,2025-01-06,9,34501.65,948,122,332677.63,1.24
Store D,West,Grocery,Snacks,2025-01-06,6,6095.95,317,102,59612.0,1.23
Store A,North,Grocery,Cooking Oil,2025-01-06,5,5022.91,191,115,84410.34,0.71
Store D,West,Electronics,Headphones,2025-01-07,4,89999.9,900,76,1037669.46,1.04
Store B,South,Grocery,Cooking Oil,2025-01-07,2,984.65,278,74,36062.21,0.33
Store C,East,Home & Lifestyle,Storage Box,2025-01-07,3,7268.25,898,108,149923.21,0.58
Store A,North,Electronics,Smartphone,2025-01-07,8,55144.18,136,102,821517.06,0.81
Store C,East,Electronics,Smartphone,2025-01-07,7,181474.4,713,94,1708531.38,1.27
Store D,West,Grocery,Snacks,2025-01-08,7,6013.51,193,148,129962.07,0.56
Store A,North,Electronics,Tablet,2025-01-08,11,213276.58,283,154,2884682.57,0.89
Store D,West,Grocery,Spices,2025-01-08,6,4164.64,556,97,49501.86,1.01
Store D,West,Grocery,Rice,2025-01-08,12,8517.07,611,145,60242.52,1.7
Store B,South,Home & Lifestyle,Cushion,2025-01-08,4,5049.19,540,73,79330.77,0.76
Store D,West,Grocery,Beverages,2025-01-09,3,2860.46,665,62,45537.28,0.75
Store A,North,Grocery,Snacks,2025-01-10,1,415.65,190,87,34653.5,0.14
Store B,South,Grocery,Spices,2025-01-10,10,9427.02,633,169,169879.89,0.67
Store C,East,Home & Lifestyle,Bedsheet,2025-01-10,6,13877.45,81,89,154687.91,1.08
Store D,West,Home & Lifestyle,Bedsheet,2025-01-11,13,21433.23,922,234,326310.35,0.79
Store D,West,Home & Lifestyle,Storage Box,2025-01-11,1,2468.91,445,56,109389.38,0.27
Store B,South,Home & Lifestyle,Cookware,2025-01-11,13,19911.27,238,153,218989.0,1.09
Store B,South,Home & Lifestyle,Bedsheet,2025-01-11,3,6533.96,510,40,88062.93,0.89
Store C,East,Grocery,Snacks,2025-01-11,7,9004.84,601,125,105118.24,1.03
Store C,East,Electronics,Smartphone,2025-01-12,10,105589.29,817,75,703509.09,1.8
Store D,West,Grocery,Rice,2025-01-12,15,11845.9,792,239,156195.0,0.91
Store C,East,Home & Lifestyle,Cushion,2025-01-12,7,12314.76,625,56,79210.15,1.87
Store D,West,Electronics,Smartphone,2025-01-12,1,15075.12,538,58,539097.25,0.34
Store D,West,Electronics,Smartwatch,2025-01-13,8,190795.52,928,96,1809201.63,1.27
Store D,West,Home & Lifestyle,Cookware,2025-01-13,4,8161.22,251,102,160735.44,0.61
Store C,East,Grocery,Snacks,2025-01-13,1,718.18,467,65,37468.59,0.23
Store D,West,Grocery,Cooking Oil,2025-01-13,5,3015.41,406,67,33843.46,1.07
Store D,West,Home & Lifestyle,Lamp,2025-01-13,7,9108.35,332,137,162616.46,0.67
Store A,North,Home & Lifestyle,Cookware,2025-01-13,14,44601.1,521,235,787116.03,0.68
Store C,East,Electronics,Smartphone,2025-01-13,9,94500.54,832,178,1576940.16,0.72
Store D,West,Electronics,Tablet,2025-01-13,4,46565.61,545,120,883443.5,0.63
Store B,South,Grocery,Rice,2025-01-13,7,6839.75,556,155,160824.94,0.51
Store D,West,Grocery,Snacks,2025-01-13,3,2624.24,477,51,36438.84,0.86
Store A,North,Grocery,Rice,2025-01-13,4,3062.36,178,54,41426.29,0.89
Store A,North,Grocery,Spices,2025-01-14,10,8948.55,459,84,84645.12,1.27
Store D,West,Grocery,Cooking Oil,2025-01-14,2,2719.44,811,78,73451.23,0.44
Store B,South,Electronics,Headphones,2025-01-14,4,39661.34,306,119,1375885.9,0.35
Store A,North,Home & Lifestyle,Cookware,2025-01-15,1,1309.3,147,53,52619.54,0.3
Store A,North,Home & Lifestyle,Cookware,2025-01-16,1,1735.06,788,80,127054.53,0.16
Store A,North,Grocery,Spices,2025-01-16,10,7742.29,728,114,90083.55,1.03
Store D,West,Grocery,Rice,2025-01-16,14,5410.82,446,191,58978.19,1.1
Store B,South,Home & Lifestyle,Cushion,2025-01-16,3,4193.18,744,55,56151.25,0.9
Store A,North,Electronics,Laptop,2025-01-16,14,181855.93,740,201,2003851.08,1.09
Store A,North,Home & Lifestyle,Bedsheet,2025-01-16,12,13322.0,103,126,137974.78,1.16
Store A,North,Home & Lifestyle,Bedsheet,2025-01-17,2,6467.91,635,78,144648.65,0.54
Store C,East,Home & Lifestyle,Cushion,2025-01-17,6,9305.37,600,81,90744.79,1.23
Store C,East,Grocery,Snacks,2025-01-17,14,9788.58,680,153,69823.71,1.68
Store A,North,Grocery,Snacks,2025-01-17,5,6456.2,543,71,87177.74,0.89
Store B,South,Grocery,Spices,2025-01-17,13,12542.79,268,214,190953.85,0.79
Store B,South,Grocery,Rice,2025-01-17,9,6993.25,540,170,124893.95,0.67
Store C,East,Grocery,Spices,2025-01-17,11,10979.54,802,124,67927.49,1.94
Store B,South,Home & Lifestyle,Cushion,2025-01-18,7,23052.29,542,94,183630.79,1.51
Store C,East,Grocery,Snacks,2025-01-18,5,4304.13,405,73,40796.94,1.27
Store B,South,Grocery,Cooking Oil,2025-01-18,2,1000.96,362,53,20347.15,0.59
Store B,South,Electronics,Tablet,2025-01-18,7,67581.67,95,119,1060736.19,0.76
Store C,East,Home & Lifestyle,Bedsheet,2025-01-19,13,20107.21,206,80,158620.61,1.52
Store D,West,Grocery,Rice,2025-01-19,13,12445.39,789,175,143709.01,1.04
Store C,East,Grocery,Cooking Oil,2025-01-19,15,11622.47,895,229,103596.07,1.35
Store C,East,Grocery,Spices,2025-01-19,8,6534.96,445,134,90826.44,0.86
Store D,West,Electronics,Tablet,2025-01-19,9,113517.4,191,170,2625747.32,0.52
Store C,East,Grocery,Spices,2025-01-20,13,12207.22,737,115,111833.3,1.31
Store B,South,Electronics,Tablet,2025-01-20,12,209140.46,337,125,2427530.07,1.03
Store A,North,Grocery,Cooking Oil,2025-01-20,8,7178.51,561,106,105934.68,0.81
Store A,North,Home & Lifestyle,Cushion,2025-01-20,11,10558.26,148,178,159110.9,0.8
Store B,South,Home & Lifestyle,Lamp,2025-01-21,15,22034.63,244,160,208311.7,1.27
Store D,West,Electronics,Smartwatch,2025-01-21,10,195253.47,571,174,2543136.58,0.92
Store D,West,Home & Lifestyle,Storage Box,2025-01-21,15,35176.97,514,193,413246.29,1.02
Store A,North,Electronics,Laptop,2025-01-21,13,270608.22,431,170,2052674.32,1.58
Store B,South,Grocery,Rice,2025-01-22,7,11027.77,915,131,102692.5,1.29
Store D,West,Grocery,Rice,2025-01-22,13,12403.72,644,107,70471.59,2.11
Store C,East,Electronics,Tablet,2025-01-22,4,76723.0,840,30,426977.13,2.16
Store D,West,Electronics,Smartphone,2025-01-22,11,302278.24,633,162,3399156.7,1.07
Store A,North,Electronics,Headphones,2025-01-22,15,313809.85,899,163,2616354.75,1.44
Store C,East,Electronics,Headphones,2025-01-22,5,55127.66,300,120,1336306.78,0.5
Store D,West,Electronics,Smartphone,2025-01-22,4,65990.99,745,79,793235.33,1.0
Store B,South,Electronics,Laptop,2025-01-23,5,90241.25,273,129,1613211.18,0.67
Store A,North,Electronics,Headphones,2025-01-23,10,179139.99,546,77,821083.78,2.62
Store B,South,Electronics,Headphones,2025-01-23,1,21519.02,566,33,625178.05,0.41
Store A,North,Home & Lifestyle,Cushion,2025-01-23,9,14297.19,810,93,150240.51,1.14
Store B,South,Electronics,Tablet,2025-01-24,15,150348.05,135,204,2466294.65,0.73
Store D,West,Home & Lifestyle,Lamp,2025-01-24,11,29106.55,795,148,331854.82,1.05
Store D,West,Grocery,Cooking Oil,2025-01-24,5,4626.98,632,121,89723.78,0.62
Store A,North,Grocery,Beverages,2025-01-24,15,13186.83,172,198,117210.61,1.35
Store A,North,Home & Lifestyle,Cookware,2025-01-25,13,24315.76,736,261,380240.57,0.77
Store C,East,Grocery,Cooking Oil,2025-01-25,7,6255.75,916,97,83766.48,0.9
Store A,North,Grocery,Rice,2025-01-25,5,5929.4,317,129,91973.44,0.77
Store D,West,Home & Lifestyle,Cookware,2025-01-25,2,4705.68,92,58,105956.09,0.53
Store D,West,Electronics,Headphones,2025-01-25,10,171761.65,305,121,1766950.94,1.17
Store A,North,Home & Lifestyle,Lamp,2025-01-25,7,16408.15,150,59,123998.98,1.59
Store D,West,Grocery,Snacks,2025-01-25,10,4010.6,455,124,46923.39,1.03
Store C,East,Electronics,Headphones,2025-01-26,11,138089.0,704,160,1127756.36,1.47
Store C,East,Grocery,Rice,2025-01-26,5,4028.72,627,90,72754.34,0.66
Store A,North,Electronics,Laptop,2025-01-27,13,208397.2,546,195,2776784.23,0.9
Store B,South,Home & Lifestyle,Cushion,2025-01-27,13,32595.56,164,194,444407.63,0.88
Store D,West,Electronics,Smartphone,2025-01-28,10,91283.95,670,92,956742.06,1.14
Store B,South,Home & Lifestyle,Cookware,2025-01-28,7,11411.38,626,126,142491.25,0.96
Store B,South,Electronics,Laptop,2025-01-28,15,279144.8,609,175,3506925.07,0.96
Store A,North,Grocery,Snacks,2025-01-28,14,5433.2,98,176,63424.77,1.03
Store C,East,Grocery,Spices,2025-01-28,2,1168.75,779,56,26481.76,0.53
Store A,North,Home & Lifestyle,Storage Box,2025-01-28,6,10045.44,772,92,144251.12,0.84
Store C,East,Grocery,Rice,2025-01-28,7,5317.4,638,139,67721.83,0.94
Store C,East,Home & Lifestyle,Bedsheet,2025-01-28,8,14329.37,82,111,185550.44,0.93
Store D,West,Grocery,Spices,2025-01-29,14,12598.78,275,164,141554.93,1.07
Store C,East,Grocery,Beverages,2025-01-29,10,12396.6,419,160,143209.31,1.04
Store B,South,Grocery,Cooking Oil,2025-01-29,11,5585.75,640,162,77704.52,0.86
Store B,South,Electronics,Tablet,2025-01-29,7,118431.22,171,92,1422083.7,1.0
Store D,West,Home & Lifestyle,Lamp,2025-01-29,11,19377.28,637,115,174409.66,1.33
Store B,South,Grocery,Rice,2025-01-29,12,7308.34,391,175,69242.47,1.27
Store A,North,Home & Lifestyle,Lamp,2025-01-30,14,30593.31,386,195,383851.46,0.96
Store C,East,Home & Lifestyle,Lamp,2025-01-30,4,6612.38,445,130,202376.8,0.39
Store D,West,Electronics,Tablet,2025-01-30,7,139303.69,690,118,1201009.23,1.39
Store A,North,Home & Lifestyle,Lamp,2025-01-30,9,25553.84,352,140,346483.95,0.89
Store B,South,Grocery,Snacks,2025-01-31,11,6715.86,691,85,33922.92,2.38
Store A,North,Electronics,Smartwatch,2025-01-31,5,82833.15,864,46,639826.39,1.55
Store B,South,Electronics,Headphones,2025-01-31,4,82150.37,229,55,855867.89,1.15
Store A,North,Electronics,Smartwatch,2025-02-01,9,152710.37,767,105,934323.28,1.96
Store B,South,Grocery,Beverages,2025-02-01,4,3994.22,420,113,91451.16,0.52
Store A,North,Home & Lifestyle,Cushion,2025-02-01,4,8365.31,434,41,59834.91,1.68
Store D,West,Home & Lifestyle,Bedsheet,2025-02-01,2,3215.92,384,47,42836.92,0.9
Store B,South,Home & Lifestyle,Bedsheet,2025-02-01,6,20586.84,820,93,242234.81,1.02
Store B,South,Home & Lifestyle,Storage Box,2025-02-01,9,25967.17,888,171,290366.7,1.07
Store C,East,Grocery,Rice,2025-02-02,11,14252.48,827,168,196064.86,0.87
Store C,East,Electronics,Headphones,2025-02-02,6,93823.73,527,156,2805350.56,0.4
Store D,West,Home & Lifestyle,Cookware,2025-02-03,4,6132.2,731,91,88905.57,0.83
Store A,North,Home & Lifestyle,Cushion,2025-02-04,6,7019.85,489,83,75077.12,1.12
Store B,South,Electronics,Tablet,2025-02-04,8,184179.93,268,88,1288739.8,1.71
Store B,South,Electronics,Headphones,2025-02-04,3,64374.05,870,91,1700089.62,0.45
Store D,West,Home & Lifestyle,Lamp,2025-02-05,5,10963.47,783,91,116090.34,1.13
Store A,North,Home & Lifestyle,Bedsheet,2025-02-05,2,6243.82,811,39,82698.6,0.91
Store D,West,Grocery,Beverages,2025-02-05,11,9468.28,358,153,158716.25,0.72
Store D,West,Home & Lifestyle,Lamp,2025-02-06,9,24842.89,431,174,430831.12,0.69
Store D,West,Electronics,Laptop,2025-02-06,5,77265.75,628,110,1679013.04,0.55
Store A,North,Home & Lifestyle,Cushion,2025-02-06,12,34977.43,642,169,410117.24,1.02
Store B,South,Grocery,Cooking Oil,2025-02-06,13,7141.22,732,145,53586.97,1.6
Store A,North,Home & Lifestyle,Storage Box,2025-02-07,3,6615.02,766,30,53569.07,1.48
Store B,South,Electronics,Smartwatch,2025-02-07,1,21241.43,295,60,1064802.55,0.24
Store A,North,Electronics,Smartwatch,2025-02-07,1,27876.3,822,82,1201629.77,0.28
Store B,South,Grocery,Spices,2025-02-07,13,8450.81,393,130,59061.81,1.72
Store A,North,Home & Lifestyle,Lamp,2025-02-07,8,19344.74,196,66,170410.99,1.36
Store C,East,Grocery,Beverages,2025-02-08,14,10637.86,397,168,102684.54,1.24
Store D,West,Grocery,Rice,2025-02-08,6,5226.64,258,116,82773.18,0.76
Store A,North,Electronics,Headphones,2025-02-08,14,341425.42,298,114,2384126.66,1.72
Store D,West,Electronics,Headphones,2025-02-08,11,264222.83,455,151,2771757.77,1.14
Store B,South,Home & Lifestyle,Lamp,2025-02-08,13,32700.12,715,96,145363.98,2.7
Store B,South,Grocery,Snacks,2025-02-08,11,6377.74,493,105,48537.55,1.58
Store C,East,Grocery,Cooking Oil,2025-02-09,1,364.25,558,44,16162.54,0.27
Store A,North,Grocery,Spices,2025-02-09,13,8130.92,122,155,133744.21,0.73
Store B,South,Home & Lifestyle,Cushion,2025-02-09,4,6022.96,513,73,79185.1,0.91
Store D,West,Electronics,Headphones,2025-02-09,6,59625.55,270,113,1205131.67,0.59
Store C,East,Grocery,Spices,2025-02-09,15,15587.74,557,121,81854.79,2.29
Store B,South,Grocery,Rice,2025-02-10,9,4558.74,451,75,27588.76,1.98
Store B,South,Home & Lifestyle,Storage Box,2025-02-10,6,12377.17,662,140,261129.1,0.57
Store A,North,Grocery,Cooking Oil,2025-02-10,9,5789.72,602,127,92190.37,0.75
Store A,North,Electronics,Headphones,2025-02-10,2,31794.01,81,51,770813.31,0.49
Store D,West,Electronics,Tablet,2025-02-10,10,238472.68,678,158,3566303.9,0.8
Store A,North,Grocery,Cooking Oil,2025-02-12,4,2903.39,920,37,28968.08,1.2
Store A,North,Grocery,Snacks,2025-02-12,5,5472.14,709,139,112826.18,0.58
Store B,South,Grocery,Snacks,2025-02-12,15,10763.03,227,116,73643.58,1.75
Store D,West,Home & Lifestyle,Cushion,2025-02-12,6,18293.06,776,104,198095.08,1.11
Store A,North,Grocery,Spices,2025-02-12,8,5425.29,394,74,52860.35,1.23
Store A,North,Home & Lifestyle,Cookware,2025-02-13,14,31742.26,413,141,320619.06,1.19
Store A,North,Grocery,Cooking Oil,2025-02-13,11,7228.38,294,143,77431.32,1.12
Store D,West,Grocery,Rice,2025-02-13,8,8109.2,144,125,97420.16,1.0
Store C,East,Electronics,Tablet,2025-02-14,9,193201.03,652,120,2798728.18,0.83
Store B,South,Grocery,Rice,2025-02-14,11,10337.96,802,216,130238.72,0.95
Store A,North,Grocery,Beverages,2025-02-14,3,1972.79,849,44,14946.15,1.58
Store B,South,Grocery,Rice,2025-02-14,7,6115.04,827,132,118646.61,0.62
Store B,South,Electronics,Headphones,2025-02-14,14,254577.47,236,197,3377275.34,0.9
Store A,North,Grocery,Cooking Oil,2025-02-14,3,3385.28,564,98,114299.75,0.36
Store B,South,Home & Lifestyle,Cushion,2025-02-15,4,7019.53,673,80,157971.76,0.53
Store C,East,Home & Lifestyle,Cookware,2025-02-15,8,9930.42,185,117,145620.05,0.82
Store B,South,Grocery,Rice,2025-02-15,3,2628.96,819,87,37823.26,0.83
Store A,North,Grocery,Cooking Oil,2025-02-15,3,1614.49,876,52,23430.82,0.83
Store C,East,Grocery,Spices,2025-02-15,12,12935.53,581,195,230130.69,0.67
Store A,North,Electronics,Smartwatch,2025-02-15,11,119190.59,424,89,872225.32,1.64
Store D,West,Home & Lifestyle,Bedsheet,2025-02-16,12,15421.01,945,189,177311.18,1.04
Store B,South,Grocery,Spices,2025-02-16,14,6249.06,209,151,69398.31,1.08
Store C,East,Home & Lifestyle,Lamp,2025-02-16,3,10931.18,839,85,149167.59,0.88
Store A,North,Grocery,Snacks,2025-02-16,4,4899.14,548,71,60032.39,0.98
Store A,North,Grocery,Snacks,2025-02-16,10,9202.31,536,167,122362.88,0.9
Store C,East,Grocery,Cooking Oil,2025-02-17,7,8010.06,636,101,96562.37,1.0
Store C,East,Electronics,Headphones,2025-02-17,6,156532.85,734,97,1313292.07,1.43
Store A,North,Electronics,Smartphone,2025-02-17,13,123212.63,538,116,1080309.0,1.37
Store A,North,Home & Lifestyle,Lamp,2025-02-17,14,18126.58,857,216,183665.12,1.18
Store B,South,Electronics,Smartphone,2025-02-17,1,15855.55,157,35,495093.18,0.38
Store C,East,Electronics,Laptop,2025-02-17,4,70226.33,233,102,1591931.42,0.53
Store A,North,Home & Lifestyle,Cookware,2025-02-17,2,3781.37,765,37,51198.08,0.89
Store D,West,Home & Lifestyle,Lamp,2025-02-17,5,6799.67,316,68,78383.74,1.04
Store D,West,Home & Lifestyle,Lamp,2025-02-17,12,28557.87,773,138,197523.09,1.73
Store A,North,Grocery,Rice,2025-02-17,1,901.79,353,35,36684.04,0.29
Store D,West,Grocery,Beverages,2025-02-18,12,10003.95,505,133,78822.48,1.52
Store B,South,Electronics,Smartwatch,2025-02-18,2,21501.83,80,82,1220992.44,0.21
Store D,West,Electronics,Smartphone,2025-02-18,4,122621.56,866,69,1311188.56,1.12
Store D,West,Electronics,Laptop,2025-02-18,2,42268.03,294,83,1600330.63,0.32
Store C,East,Home & Lifestyle,Bedsheet,2025-02-18,6,8377.21,231,116,117501.07,0.86
Store B,South,Electronics,Smartphone,2025-02-18,3,37459.41,809,70,969376.96,0.46
Store C,East,Electronics,Smartphone,2025-02-18,8,198749.19,673,137,3003777.66,0.79
Store D,West,Home & Lifestyle,Storage Box,2025-02-19,8,10275.04,272,84,146656.0,0.84
Store B,South,Grocery,Rice,2025-02-19,2,1493.62,106,48,38727.29,0.46
Store D,West,Grocery,Rice,2025-02-19,1,1153.75,740,66,65681.12,0.21
Store B,South,Electronics,Laptop,2025-02-19,15,167973.42,463,133,1157462.51,1.74
Store C,East,Home & Lifestyle,Storage Box,2025-02-20,3,4798.08,98,48,69378.69,0.83
Store A,North,Home & Lifestyle,Lamp,2025-02-20,2,5013.28,483,49,102159.66,0.59
Store D,West,Home & Lifestyle,Cookware,2025-02-21,7,15623.63,758,82,131632.42,1.42
Store B,South,Electronics,Smartphone,2025-02-21,15,261082.85,737,184,2961777.36,1.06
Store C,East,Home & Lifestyle,Bedsheet,2025-02-21,13,24312.23,604,150,232353.47,1.26
Store D,West,Electronics,Tablet,2025-02-21,12,336572.94,770,109,2444771.07,1.65
Store C,East,Grocery,Rice,2025-02-22,10,8449.57,802,104,66830.94,1.52
Store A,North,Grocery,Cooking Oil,2025-02-22,12,13163.07,177,186,204849.28,0.77
Store C,East,Home & Lifestyle,Lamp,2025-02-22,3,5128.11,315,93,154246.99,0.4
Store A,North,Electronics,Smartphone,2025-02-22,7,73813.36,477,108,777943.65,1.14
Store D,West,Grocery,Spices,2025-02-22,9,6888.56,463,148,95495.46,0.87
Store C,East,Electronics,Laptop,2025-02-22,12,270468.61,626,158,2291482.07,1.42
Store C,East,Grocery,Cooking Oil,2025-02-22,6,4919.03,579,126,78592.69,0.75
Store D,West,Home & Lifestyle,Cookware,2025-02-23,8,20329.93,525,98,236940.36,1.03
Store B,South,Electronics,Smartwatch,2025-02-23,12,206767.6,776,103,1446964.79,1.71
Store A,North,Electronics,Headphones,2025-02-23,2,35089.26,158,66,1383826.96,0.3
Store C,East,Grocery,Snacks,2025-02-23,13,13682.26,91,165,128856.85,1.27
Store B,South,Electronics,Smartwatch,2025-02-23,8,160003.12,549,122,2164317.76,0.89
Store D,West,Grocery,Cooking Oil,2025-02-23,15,9278.89,311,228,113017.87,0.99
Store D,West,Grocery,Snacks,2025-02-23,15,9745.49,278,92,67781.08,1.73
Store B,South,Home & Lifestyle,Cookware,2025-02-24,8,14071.57,718,84,143360.94,1.18
Store C,East,Grocery,Beverages,2025-02-24,10,6658.68,906,155,66503.16,1.2
Store C,East,Grocery,Rice,2025-02-24,6,7510.47,607,135,142598.02,0.63
Store A,North,Home & Lifestyle,Cushion,2025-02-24,3,4736.0,941,27,34250.47,1.66
Store D,West,Grocery,Snacks,2025-02-24,11,9998.78,241,157,150151.24,0.8
Store C,East,Electronics,Laptop,2025-02-25,6,78000.31,791,92,1171240.67,0.8
Store C,East,Electronics,Headphones,2025-02-25,6,98487.44,481,135,1712817.46,0.69
Store B,South,Home & Lifestyle,Bedsheet,2025-02-25,5,6628.3,310,80,104437.94,0.76
Store C,East,Grocery,Cooking Oil,2025-02-25,1,454.54,458,54,16239.69,0.34
Store C,East,Grocery,Beverages,2025-02-25,3,3128.82,573,56,50440.49,0.74
Store B,South,Home & Lifestyle,Cookware,2025-02-26,8,11804.52,665,62,72606.99,1.95
Store C,East,Grocery,Spices,2025-02-26,15,21050.25,841,287,196905.79,1.28
Store C,East,Grocery,Spices,2025-02-26,11,6423.49,691,193,80114.61,0.96
Store C,East,Electronics,Smartwatch,2025-02-26,2,53951.2,635,91,1870826.56,0.35
Store A,North,Electronics,Laptop,2025-02-26,14,220350.65,87,88,1771008.23,1.49
Store B,South,Grocery,Rice,2025-02-27,14,13841.38,298,150,124625.0,1.33
Store A,North,Home & Lifestyle,Cookware,2025-02-27,15,39549.87,175,112,316055.18,1.5
Store A,North,Home & Lifestyle,Cookware,2025-02-27,3,3098.96,250,62,83808.83,0.44
Store A,North,Electronics,Headphones,2025-02-27,14,276868.25,213,128,2172226.55,1.53
Store B,South,Grocery,Rice,2025-02-27,13,15098.69,136,126,102641.54,1.77
Store C,East,Electronics,Smartphone,2025-02-28,15,247153.99,330,160,2121360.08,1.4
Store B,South,Electronics,Laptop,2025-02-28,10,128596.58,531,180,1529625.23,1.01
Store A,North,Grocery,Spices,2025-02-28,5,6168.89,550,76,72133.15,1.03
Store A,North,Grocery,Rice,2025-02-28,13,4290.47,263,140,49008.28,1.05
Store C,East,Electronics,Tablet,2025-02-28,10,190333.83,881,104,1450872.04,1.57
Store B,South,Electronics,Headphones,2025-02-28,15,191574.46,234,193,2272380.6,1.01
Store A,North,Home & Lifestyle,Lamp,2025-02-28,1,2485.58,689,50,77851.44,0.38
Store D,West,Home & Lifestyle,Lamp,2025-02-28,1,2480.06,286,74,220518.03,0.13
Store D,West,Electronics,Smartwatch,2025-02-28,15,175328.38,551,100,905151.47,2.32
Store B,South,Grocery,Rice,2025-02-28,1,1003.66,346,73,46605.51,0.26
Store C,East,Grocery,Beverages,2025-02-28,13,8760.8,173,117,58297.86,1.8
Store A,North,Home & Lifestyle,Cookware,2025-02-28,14,38928.22,121,173,382512.85,1.22
Store B,South,Electronics,Tablet,2025-03-01,6,102088.24,415,128,1396932.56,0.88
Store A,North,Grocery,Spices,2025-03-01,11,9885.99,279,145,138474.54,0.86
Store C,East,Home & Lifestyle,Cushion,2025-03-02,10,11879.36,230,117,123739.14,1.15
Store D,West,Home & Lifestyle,Lamp,2025-03-02,12,31724.91,262,101,221531.31,1.72
Store B,South,Electronics,Tablet,2025-03-02,3,41290.04,317,107,1812875.39,0.27
Store D,West,Grocery,Beverages,2025-03-02,15,17877.74,612,249,198188.78,1.08
Store D,West,Electronics,Tablet,2025-03-02,11,219487.55,896,108,1150210.12,2.29
Store D,West,Home & Lifestyle,Cushion,2025-03-02,6,13679.46,148,70,189081.71,0.87
Store B,South,Electronics,Smartphone,2025-03-02,12,87426.67,243,159,1513673.96,0.69
Store B,South,Electronics,Tablet,2025-03-02,6,51137.1,605,128,950958.45,0.65
Store D,West,Electronics,Smartwatch,2025-03-02,11,226532.1,259,108,2229920.56,1.22
Store C,East,Grocery,Cooking Oil,2025-03-03,12,11728.78,811,96,69056.44,2.04
Store B,South,Electronics,Smartphone,2025-03-03,9,155294.26,246,114,2254253.43,0.83
Store A,North,Grocery,Cooking Oil,2025-03-03,13,13436.42,925,151,148955.95,1.08
Store B,South,Grocery,Rice,2025-03-03,14,13270.48,807,96,61524.16,2.59
Store D,West,Home & Lifestyle,Cookware,2025-03-03,6,23474.8,863,60,127216.16,2.21
Store B,South,Electronics,Headphones,2025-03-03,4,69201.27,107,54,1175696.72,0.71
Store D,West,Home & Lifestyle,Storage Box,2025-03-03,2,2943.41,494,62,74411.26,0.47
Store D,West,Grocery,Rice,2025-03-04,6,3279.82,889,77,37966.47,1.04
Store D,West,Grocery,Beverages,2025-03-04,5,5458.74,189,91,68972.33,0.95
Store B,South,Grocery,Rice,2025-03-04,5,2648.84,600,95,45539.53,0.7
Store C,East,Electronics,Laptop,2025-03-04,5,71646.94,291,75,814961.79,1.05
Store D,West,Grocery,Spices,2025-03-04,2,729.29,86,99,36946.76,0.24
Store B,South,Grocery,Beverages,2025-03-05,2,1246.82,512,89,54587.33,0.27
Store C,East,Electronics,Laptop,2025-03-05,7,169367.79,639,114,2060560.61,0.99
Store A,North,Home & Lifestyle,Lamp,2025-03-05,7,20338.33,576,71,151015.27,1.62
Store A,North,Grocery,Snacks,2025-03-06,4,3973.77,722,78,47234.29,1.01
Store C,East,Home & Lifestyle,Storage Box,2025-03-06,8,28188.64,945,160,361009.21,0.94
Store D,West,Home & Lifestyle,Cushion,2025-03-06,7,20942.6,430,122,333712.04,0.75
Store B,South,Electronics,Smartphone,2025-03-06,1,20339.17,377,83,1592380.07,0.15
Store D,West,Electronics,Tablet,2025-03-06,12,371806.12,867,196,4484028.34,1.0
Store A,North,Electronics,Laptop,2025-03-06,12,311615.03,919,141,2699875.8,1.39
Store C,East,Home & Lifestyle,Bedsheet,2025-03-07,8,14444.81,92,128,227255.55,0.76
Store C,East,Grocery,Beverages,2025-03-08,15,15344.25,588,248,200237.49,0.92
Store C,East,Home & Lifestyle,Cushion,2025-03-09,7,14363.16,158,126,283348.96,0.61
Store B,South,Grocery,Beverages,2025-03-09,13,6557.46,601,115,61437.06,1.28
Store B,South,Home & Lifestyle,Lamp,2025-03-09,10,28712.0,298,209,601342.53,0.57
Store D,West,Grocery,Beverages,2025-03-09,14,11036.79,250,73,52882.37,2.5
Store C,East,Electronics,Smartwatch,2025-03-09,15,311277.96,653,178,2514615.24,1.49
Store C,East,Home & Lifestyle,Cushion,2025-03-10,2,6702.62,911,28,62618.17,1.28
Store B,South,Grocery,Snacks,2025-03-10,8,6093.25,621,81,52234.84,1.4
Store C,East,Home & Lifestyle,Cushion,2025-03-10,3,7813.46,87,80,204251.73,0.46
Store D,West,Electronics,Smartwatch,2025-03-10,15,298632.43,669,226,2765799.95,1.3
Store C,East,Electronics,Smartwatch,2025-03-11,15,168117.24,171,153,1686081.94,1.2
Store C,East,Grocery,Cooking Oil,2025-03-11,8,5581.48,776,52,24617.99,2.72
Store D,West,Home & Lifestyle,Lamp,2025-03-11,7,22335.08,560,131,236375.04,1.13
Store B,South,Grocery,Spices,2025-03-11,15,13821.67,300,121,69297.74,2.39
Store B,South,Home & Lifestyle,Cushion,2025-03-11,7,13905.07,507,79,190554.16,0.88
Store B,South,Electronics,Tablet,2025-03-12,10,181725.68,325,140,2188362.12,1.0
Store C,East,Grocery,Spices,2025-03-12,6,4697.91,334,143,78979.41,0.71
Store A,North,Grocery,Rice,2025-03-12,4,2069.71,823,75,24614.65,1.01
Store A,North,Grocery,Beverages,2025-03-12,2,2179.37,458,87,70817.61,0.37
Store B,South,Grocery,Spices,2025-03-13,15,15109.8,334,184,188207.26,0.96
Store C,East,Grocery,Rice,2025-03-13,12,6013.71,562,186,87072.97,0.83
Store D,West,Home & Lifestyle,Lamp,2025-03-13,3,7549.02,814,36,74858.58,1.21
Store B,South,Electronics,Headphones,2025-03-13,10,175454.07,845,197,3409600.59,0.62
Store A,North,Home & Lifestyle,Lamp,2025-03-13,6,9510.06,913,103,84646.56,1.35
Store D,West,Electronics,Smartwatch,2025-03-14,15,215299.6,525,238,2788533.63,0.93
Store C,East,Grocery,Snacks,2025-03-14,9,3776.09,172,133,58602.31,0.77
Store C,East,Grocery,Spices,2025-03-14,4,3858.87,690,97,71859.81,0.64
Store B,South,Electronics,Smartphone,2025-03-14,13,165699.84,697,180,1846155.52,1.08
Store C,East,Grocery,Rice,2025-03-14,9,7489.48,346,136,86699.49,1.04
Store D,West,Grocery,Snacks,2025-03-14,5,4940.59,476,79,59256.46,1.0
Store D,West,Electronics,Tablet,2025-03-14,4,60197.28,233,59,804583.36,0.9
Store A,North,Electronics,Headphones,2025-03-15,12,267296.26,161,204,5037360.64,0.64
Store A,North,Grocery,Cooking Oil,2025-03-15,15,11058.15,903,217,113788.02,1.17
Store A,North,Grocery,Cooking Oil,2025-03-15,7,5423.05,493,124,71252.2,0.91
Store C,East,Grocery,Cooking Oil,2025-03-15,8,5951.35,223,102,76429.03,0.93
Store A,North,Grocery,Beverages,2025-03-15,9,8605.33,665,167,115968.67,0.89
Store C,East,Grocery,Cooking Oil,2025-03-15,5,2552.38,163,76,44686.89,0.69
Store D,West,Grocery,Snacks,2025-03-16,1,417.25,625,43,16609.04,0.3
Store A,North,Grocery,Snacks,2025-03-16,10,8077.55,518,120,99686.83,0.97
Store A,North,Grocery,Spices,2025-03-16,11,4853.26,503,194,82602.34,0.71
Store D,West,Electronics,Smartphone,2025-03-16,3,35901.07,515,86,728209.6,0.59
Store D,West,Electronics,Laptop,2025-03-16,1,23826.46,258,81,1379605.95,0.21
Store D,West,Home & Lifestyle,Bedsheet,2025-03-17,15,16255.22,352,83,75469.32,2.58
Store A,North,Home & Lifestyle,Cushion,2025-03-17,2,4458.29,760,90,179525.55,0.3
Store A,North,Grocery,Rice,2025-03-17,10,5174.45,338,170,104717.29,0.59
Store B,South,Grocery,Beverages,2025-03-17,6,6654.06,135,66,82095.79,0.97
Store D,West,Grocery,Rice,2025-03-18,15,8539.11,588,190,72106.5,1.42
Store C,East,Grocery,Beverages,2025-03-18,15,7914.41,523,135,59717.49,1.59
Store A,North,Grocery,Snacks,2025-03-18,2,1139.86,501,59,33193.95,0.41
Store D,West,Electronics,Laptop,2025-03-19,14,141475.72,510,173,1450837.66,1.17
Store D,West,Home & Lifestyle,Storage Box,2025-03-19,6,15044.16,854,93,231812.95,0.78
Store C,East,Electronics,Headphones,2025-03-20,10,195365.69,410,160,2949810.36,0.79
Store D,West,Electronics,Tablet,2025-03-20,6,92182.48,586,73,1108236.88,1.0
Store A,North,Electronics,Smartwatch,2025-03-20,2,29475.16,605,73,676678.2,0.52
Store D,West,Home & Lifestyle,Storage Box,2025-03-20,1,1747.79,339,50,82666.45,0.25
Store A,North,Home & Lifestyle,Lamp,2025-03-20,12,24228.16,333,120,212908.62,1.37
Store B,South,Grocery,Cooking Oil,2025-03-21,13,4152.46,213,125,38195.34,1.3
Store B,South,Home & Lifestyle,Lamp,2025-03-22,6,13456.38,638,58,103638.93,1.56
Store C,East,Home & Lifestyle,Cushion,2025-03-22,13,32861.71,715,123,335706.55,1.17
Store C,East,Electronics,Tablet,2025-03-22,12,145839.48,868,73,699791.36,2.5
Store A,North,Electronics,Smartphone,2025-03-22,13,207856.47,617,173,1812947.77,1.38
Store C,East,Electronics,Tablet,2025-03-23,7,139425.74,753,99,1676705.75,1.0
Store A,North,Electronics,Smartwatch,2025-03-23,2,32974.6,127,40,601842.43,0.66
Store D,West,Electronics,Laptop,2025-03-23,5,59390.15,627,76,814402.08,0.88
Store D,West,Electronics,Smartphone,2025-03-23,9,226381.31,499,63,993942.3,2.73
Store C,East,Home & Lifestyle,Bedsheet,2025-03-23,9,7899.18,97,132,123321.64,0.77
Store C,East,Home & Lifestyle,Storage Box,2025-03-24,4,9057.61,167,60,167619.93,0.65
Store A,North,Electronics,Tablet,2025-03-24,11,213889.38,288,172,3033861.34,0.85
Store D,West,Home & Lifestyle,Lamp,2025-03-24,7,12414.29,279,72,158552.87,0.94
Store A,North,Grocery,Snacks,2025-03-24,4,5255.5,697,58,53915.43,1.17
Store A,North,Electronics,Headphones,2025-03-24,14,200185.12,859,131,1170132.61,2.05
Store D,West,Electronics,Smartwatch,2025-03-24,14,176664.43,380,178,1617644.05,1.31
Store D,West,Home & Lifestyle,Bedsheet,2025-03-25,2,2409.69,259,74,107133.39,0.27
Store A,North,Electronics,Smartwatch,2025-03-25,8,208081.59,870,89,2060357.88,1.21
Store C,East,Home & Lifestyle,Cookware,2025-03-25,9,15977.74,466,88,153664.75,1.25
Store B,South,Grocery,Cooking Oil,2025-03-25,13,6701.47,845,176,70278.0,1.14
Store C,East,Electronics,Smartwatch,2025-03-25,3,42517.02,507,70,858850.99,0.59
Store D,West,Home & Lifestyle,Cushion,2025-03-25,13,20070.94,571,257,303569.25,0.79
Store D,West,Home & Lifestyle,Storage Box,2025-03-25,3,8686.74,697,104,278173.57,0.37
Store B,South,Grocery,Spices,2025-03-25,1,379.86,434,83,35791.83,0.13
Store B,South,Grocery,Rice,2025-03-26,12,10471.09,591,207,118044.22,1.06
Store A,North,Grocery,Spices,2025-03-26,12,7290.2,361,163,91805.43,0.95
Store C,East,Electronics,Laptop,2025-03-27,12,167688.71,563,168,2244115.02,0.9
Store A,North,Home & Lifestyle,Lamp,2025-03-27,15,29806.43,927,150,281771.18,1.27
Store D,West,Electronics,Smartphone,2025-03-27,6,156030.18,600,132,2220764.84,0.84
Store D,West,Grocery,Spices,2025-03-27,14,11352.93,154,153,115344.66,1.18
Store A,North,Grocery,Cooking Oil,2025-03-27,12,10920.81,246,198,128844.35,1.02
Store A,North,Electronics,Smartphone,2025-03-28,13,216532.4,667,208,3414017.04,0.76
Store A,North,Grocery,Beverages,2025-03-28,8,5507.91,876,124,67499.27,0.98
Store A,North,Home & Lifestyle,Storage Box,2025-03-29,3,5548.56,681,49,64567.05,1.03
Store D,West,Grocery,Snacks,2025-03-29,6,7376.93,556,82,64324.52,1.38
Store A,North,Home & Lifestyle,Cookware,2025-03-29,12,19925.48,423,166,288057.56,0.83
Store D,West,Electronics,Tablet,2025-03-29,4,40927.46,186,53,498943.23,0.98
Store A,North,Electronics,Smartphone,2025-03-29,7,94458.3,140,85,1309983.03,0.87
Store D,West,Home & Lifestyle,Bedsheet,2025-03-30,10,31467.26,622,90,309004.49,1.22
Store C,East,Grocery,Rice,2025-03-30,11,13231.08,879,174,144041.99,1.1
Store D,West,Home & Lifestyle,Cookware,2025-03-30,12,35169.08,529,110,246731.6,1.71
Store B,South,Electronics,Smartphone,2025-03-30,3,44637.39,415,52,732024.11,0.73
Store A,North,Grocery,Snacks,2025-03-31,14,19060.39,916,202,215145.46,1.06
Store A,North,Electronics,Headphones,2025-03-31,3,32303.47,762,56,463673.81,0.84
Store C,East,Electronics,Tablet,2025-03-31,4,47002.08,678,82,804100.98,0.7
Store C,East,Grocery,Snacks,2025-03-31,8,4833.69,578,59,29167.25,1.99
Store D,West,Home & Lifestyle,Cushion,2025-04-01,2,6996.97,358,56,170892.72,0.49
Store A,North,Grocery,Snacks,2025-04-01,15,12672.76,176,157,156068.2,0.97
Store D,West,Grocery,Spices,2025-04-01,15,6727.21,224,137,59389.78,1.36
Store B,South,Home & Lifestyle,Lamp,2025-04-01,4,9181.2,635,97,150241.99,0.73
Store B,South,Home & Lifestyle,Storage Box,2025-04-01,1,1758.67,893,70,92644.79,0.23
Store D,West,Electronics,Smartwatch,2025-04-02,6,113930.77,377,56,1198226.95,1.14
Store D,West,Grocery,Spices,2025-04-02,13,7282.24,570,194,116302.37,0.75
Store D,West,Home & Lifestyle,Cushion,2025-04-02,5,7428.63,326,86,135398.34,0.66
Store A,North,Electronics,Headphones,2025-04-02,8,223179.66,927,105,1897983.35,1.41
Store D,West,Electronics,Smartwatch,2025-04-03,9,194627.24,472,188,2652625.81,0.88
Store A,North,Grocery,Snacks,2025-04-03,11,8439.85,207,157,72214.35,1.4
Store B,South,Grocery,Snacks,2025-04-03,8,8402.12,386,156,100404.48,1.0
Store A,North,Electronics,Tablet,2025-04-03,1,13805.47,197,62,945116.21,0.18
Store A,North,Electronics,Smartphone,2025-04-03,2,28516.61,617,49,567018.38,0.6
Store A,North,Electronics,Smartphone,2025-04-03,14,210157.05,669,141,1765461.2,1.43
Store B,South,Home & Lifestyle,Cushion,2025-04-03,13,19105.68,419,204,222888.62,1.03
Store C,East,Grocery,Cooking Oil,2025-04-03,12,6033.47,300,131,63241.55,1.14
Store B,South,Grocery,Cooking Oil,2025-04-04,9,4122.96,502,159,76925.41,0.64
Store A,North,Grocery,Spices,2025-04-04,7,3977.88,385,75,27820.3,1.72
Store C,East,Electronics,Headphones,2025-04-04,12,219509.65,137,114,2186663.71,1.2
Store A,North,Home & Lifestyle,Bedsheet,2025-04-04,10,16838.41,400,167,169557.25,1.19
Store C,East,Grocery,Cooking Oil,2025-04-04,6,3390.23,654,111,37127.7,1.1
Store C,East,Grocery,Cooking Oil,2025-04-04,13,14630.52,786,180,191860.07,0.92
Store C,East,Grocery,Spices,2025-04-04,14,11374.62,230,192,112576.0,1.21
Store D,West,Grocery,Cooking Oil,2025-04-05,13,7947.23,805,196,73314.64,1.3
Store D,West,Electronics,Tablet,2025-04-05,7,75212.48,736,142,1340422.32,0.67
Store C,East,Grocery,Rice,2025-04-05,5,2707.76,312,116,50626.86,0.64
Store B,South,Grocery,Snacks,2025-04-06,5,3526.51,196,107,61043.12,0.69
Store D,West,Grocery,Beverages,2025-04-06,5,3532.98,565,77,63254.58,0.67
Store A,North,Grocery,Spices,2025-04-06,1,518.05,895,51,26648.28,0.23
Store C,East,Grocery,Spices,2025-04-06,7,5056.73,158,108,72516.53,0.84
Store A,North,Grocery,Rice,2025-04-06,7,7244.21,945,113,99553.62,0.87
Store C,East,Home & Lifestyle,Storage Box,2025-04-06,10,17948.47,363,140,162756.26,1.32
Store D,West,Grocery,Cooking Oil,2025-04-06,10,6460.05,185,102,63908.15,1.21
Store A,North,Electronics,Smartphone,2025-04-07,6,92356.43,625,93,1070172.05,1.04
Store C,East,Electronics,Smartphone,2025-04-07,10,195032.73,219,121,1863427.24,1.26
Store D,West,Home & Lifestyle,Lamp,2025-04-08,13,39428.85,592,228,579671.66,0.82
Store C,East,Home & Lifestyle,Lamp,2025-04-08,13,22288.28,126,115,190924.64,1.4
Store D,West,Electronics,Headphones,2025-04-08,1,17026.31,452,23,348575.72,0.59
Store B,South,Electronics,Tablet,2025-04-08,12,143274.55,198,130,1283893.59,1.34
Store B,South,Electronics,Smartphone,2025-04-09,10,251398.31,389,146,3588637.06,0.84
Store B,South,Grocery,Cooking Oil,2025-04-09,4,1371.31,248,113,45250.26,0.36
Store C,East,Home & Lifestyle,Cushion,2025-04-09,7,10319.02,290,96,110637.66,1.12
Store B,South,Grocery,Cooking Oil,2025-04-10,2,950.81,228,55,20636.98,0.55
Store C,East,Home & Lifestyle,Cookware,2025-04-10,5,17823.03,745,105,246117.37,0.87
Store C,East,Grocery,Rice,2025-04-10,3,2074.43,581,60,45903.5,0.54
Store B,South,Grocery,Snacks,2025-04-10,2,1406.27,174,63,28921.17,0.58
Store A,North,Home & Lifestyle,Storage Box,2025-04-10,15,44995.45,406,174,434388.15,1.24
Store B,South,Grocery,Snacks,2025-04-11,12,10854.4,237,146,146025.19,0.89
Store B,South,Home & Lifestyle,Lamp,2025-04-11,15,22300.95,285,183,259830.57,1.03
Store D,West,Grocery,Cooking Oil,2025-04-11,6,2813.42,166,105,60153.32,0.56
Store C,East,Electronics,Smartphone,2025-04-11,10,209520.96,250,157,2500059.14,1.01
Store A,North,Electronics,Tablet,2025-04-11,14,204199.56,468,203,3367119.92,0.73
Store A,North,Home & Lifestyle,Storage Box,2025-04-12,6,13353.23,512,99,139214.78,1.15
Store C,East,Grocery,Cooking Oil,2025-04-12,10,8953.03,436,84,67558.55,1.59
Store D,West,Electronics,Laptop,2025-04-12,3,24847.5,261,56,612621.14,0.49
Store A,North,Home & Lifestyle,Bedsheet,2025-04-12,13,21047.11,844,137,128577.03,1.96
Store A,North,Home & Lifestyle,Bedsheet,2025-04-12,14,37887.53,609,242,536425.85,0.85
Store B,South,Home & Lifestyle,Storage Box,2025-04-12,15,33590.93,481,170,362249.13,1.11
Store D,West,Home & Lifestyle,Cushion,2025-04-13,1,2549.01,749,73,139246.55,0.22
Store B,South,Home & Lifestyle,Lamp,2025-04-13,7,20230.44,681,115,261721.6,0.93
Store C,East,Electronics,Smartphone,2025-04-13,12,233162.14,869,154,2315204.06,1.21
Store A,North,Home & Lifestyle,Lamp,2025-04-14,6,12090.66,352,86,174035.14,0.83
Store A,North,Electronics,Headphones,2025-04-14,8,146402.77,401,74,1024186.28,1.72
Store B,South,Grocery,Rice,2025-04-14,13,6004.75,344,198,66352.4,1.09
Store B,South,Grocery,Rice,2025-04-14,13,10692.37,609,186,147664.49,0.87
Store B,South,Electronics,Smartphone,2025-04-14,11,314314.66,437,112,1723979.11,2.19
Store B,South,Electronics,Tablet,2025-04-14,9,95359.83,911,167,1100670.2,1.04
Store B,South,Grocery,Spices,2025-04-14,12,8854.04,138,143,142302.5,0.75
Store A,North,Home & Lifestyle,Storage Box,2025-04-14,2,3666.61,618,44,84861.75,0.52
Store A,North,Electronics,Smartphone,2025-04-14,3,65994.17,718,85,1501630.87,0.53
Store C,East,Grocery,Rice,2025-04-15,14,15584.01,885,190,150022.59,1.25
Store C,East,Home & Lifestyle,Lamp,2025-04-16,6,16093.83,187,110,326687.37,0.59
Store C,East,Electronics,Smartphone,2025-04-16,14,256808.55,164,213,3710602.58,0.83
Store A,North,Grocery,Cooking Oil,2025-04-16,12,13047.86,699,202,175635.58,0.89
Store B,South,Electronics,Smartphone,2025-04-17,10,125997.35,191,162,2045320.04,0.74
Store C,East,Home & Lifestyle,Cushion,2025-04-17,11,26257.34,457,110,244662.76,1.29
Store B,South,Home & Lifestyle,Bedsheet,2025-04-17,15,44487.03,835,171,323206.37,1.65
Store A,North,Home & Lifestyle,Cookware,2025-04-17,12,31433.14,357,214,645537.16,0.58
Store A,North,Home & Lifestyle,Bedsheet,2025-04-17,1,1383.16,148,54,81456.25,0.2
Store D,West,Grocery,Rice,2025-04-18,1,900.11,578,55,44151.24,0.24
Store A,North,Home & Lifestyle,Storage Box,2025-04-18,2,3078.16,373,38,35930.34,1.03
Store B,South,Home & Lifestyle,Storage Box,2025-04-18,10,22563.15,271,157,399857.31,0.68
Store B,South,Grocery,Cooking Oil,2025-04-18,15,14476.05,283,142,126035.08,1.38
Store C,East,Grocery,Beverages,2025-04-18,4,4973.75,919,77,90537.73,0.66
Store A,North,Home & Lifestyle,Storage Box,2025-04-19,13,26788.45,84,173,388282.04,0.83
Store A,North,Grocery,Cooking Oil,2025-04-19,1,520.3,481,23,12355.35,0.51
Store C,East,Electronics,Smartwatch,2025-04-19,10,146836.56,182,148,2698048.65,0.65
Store C,East,Home & Lifestyle,Cookware,2025-04-19,9,17512.32,256,128,264485.08,0.79
Store B,South,Grocery,Rice,2025-04-19,3,3521.25,662,71,70124.76,0.6
Store C,East,Electronics,Smartwatch,2025-04-19,8,146928.74,797,103,1428203.98,1.23
Store B,South,Electronics,Smartphone,2025-04-20,12,287262.41,224,171,3150565.17,1.09
Store B,South,Grocery,Spices,2025-04-20,12,11301.27,117,152,153052.42,0.89
Store D,West,Electronics,Headphones,2025-04-20,6,73496.65,711,110,911208.53,0.97
Store C,East,Electronics,Tablet,2025-04-20,13,190882.2,330,207,3618722.26,0.63
Store A,North,Electronics,Smartwatch,2025-04-21,6,147575.49,666,93,1364730.34,1.3
Store B,South,Grocery,Snacks,2025-04-21,1,699.47,691,38,19645.39,0.43
Store D,West,Grocery,Snacks,2025-04-21,12,8868.03,288,75,50448.34,2.11
Store D,West,Grocery,Snacks,2025-04-21,4,1555.5,161,88,34571.39,0.54
Store D,West,Grocery,Rice,2025-04-21,5,3888.71,601,90,72183.09,0.65
Store C,East,Home & Lifestyle,Storage Box,2025-04-22,7,9710.43,114,81,105307.67,1.11
Store C,East,Electronics,Smartwatch,2025-04-22,8,142018.35,296,148,3079205.49,0.55
Store C,East,Electronics,Laptop,2025-04-22,15,293287.03,807,115,1731184.84,2.03
Store D,West,Electronics,Laptop,2025-04-22,11,154220.86,305,84,945881.44,1.96
Store C,East,Electronics,Headphones,2025-04-22,8,132594.35,668,153,1753029.21,0.91
Store A,North,Home & Lifestyle,Storage Box,2025-04-22,11,18341.44,633,183,201359.64,1.09
Store D,West,Home & Lifestyle,Lamp,2025-04-23,3,4744.85,196,89,129226.81,0.44
Store B,South,Electronics,Headphones,2025-04-23,14,99150.03,124,137,974797.05,1.22
Store A,North,Electronics,Tablet,2025-04-23,8,197511.27,844,100,2344311.66,1.01
Store D,West,Electronics,Headphones,2025-04-23,10,194875.11,466,133,2438927.25,0.96
Store B,South,Grocery,Spices,2025-04-24,1,841.77,668,42,33845.57,0.3
Store B,South,Home & Lifestyle,Bedsheet,2025-04-24,4,7254.53,646,86,144990.64,0.6
Store C,East,Grocery,Spices,2025-04-24,8,7184.55,617,60,42379.36,2.03
Store D,West,Grocery,Cooking Oil,2025-04-24,6,3177.78,690,100,33585.33,1.14
Store D,West,Home & Lifestyle,Bedsheet,2025-04-24,7,17777.65,752,97,223166.4,0.96
Store C,East,Electronics,Headphones,2025-04-24,13,165773.73,811,137,1066890.47,1.86
Store A,North,Grocery,Snacks,2025-04-25,3,2953.07,409,50,29029.97,1.22
Store C,East,Electronics,Smartphone,2025-04-26,4,42790.57,460,88,549626.41,0.93
Store A,North,Grocery,Rice,2025-04-26,9,6237.51,597,111,48245.95,1.55
Store C,East,Electronics,Laptop,2025-04-26,2,24117.21,908,63,458898.73,0.63
Store A,North,Home & Lifestyle,Storage Box,2025-04-26,15,44717.05,743,147,319939.43,1.68
Store D,West,Grocery,Cooking Oil,2025-04-26,10,8733.3,123,144,83408.72,1.26
Store D,West,Grocery,Cooking Oil,2025-04-26,6,6068.14,883,102,56727.64,1.28
Store C,East,Home & Lifestyle,Cushion,2025-04-26,4,10631.4,746,38,114331.73,1.12
Store A,North,Electronics,Laptop,2025-04-27,11,111679.19,178,101,1374850.03,0.97
Store B,South,Home & Lifestyle,Lamp,2025-04-27,9,27246.69,580,174,311641.76,1.05
Store C,East,Grocery,Rice,2025-04-28,8,3707.16,92,75,38809.6,1.15
Store B,South,Grocery,Spices,2025-04-28,1,615.63,807,38,20011.88,0.37
Store D,West,Electronics,Smartphone,2025-04-28,2,30317.85,362,68,1058725.15,0.34
Store B,South,Grocery,Beverages,2025-04-28,4,3399.24,495,100,80336.85,0.51
Store D,West,Grocery,Cooking Oil,2025-04-28,4,3567.79,446,73,63847.36,0.67
Store A,North,Electronics,Laptop,2025-04-28,12,374165.28,915,226,3755443.08,1.2
Store B,South,Electronics,Tablet,2025-04-28,1,15434.98,625,42,613769.08,0.3
Store C,East,Home & Lifestyle,Cushion,2025-04-29,9,12779.31,385,145,174999.75,0.88
Store A,North,Electronics,Headphones,2025-04-29,6,133423.04,344,115,2750976.97,0.58
Store A,North,Home & Lifestyle,Cushion,2025-04-29,14,44509.15,627,196,388368.59,1.38
Store D,West,Home & Lifestyle,Lamp,2025-04-29,6,11826.24,739,98,137617.72,1.03
Store A,North,Grocery,Spices,2025-04-29,6,8142.89,623,68,54937.41,1.78
Store A,North,Electronics,Headphones,2025-04-30,4,91062.08,805,54,1253566.53,0.87
Store A,North,Electronics,Tablet,2025-04-30,15,219675.3,131,189,2207550.85,1.19
Store C,East,Grocery,Spices,2025-04-30,3,1153.71,444,79,25280.18,0.55
Store D,West,Home & Lifestyle,Storage Box,2025-04-30,7,22106.96,404,94,237151.05,1.12
Store A,North,Grocery,Beverages,2025-04-30,10,4933.36,362,122,56801.81,1.04
Store C,East,Electronics,Laptop,2025-05-01,4,77638.49,337,57,1135565.48,0.82
Store D,West,Grocery,Spices,2025-05-01,5,5965.04,258,96,110797.31,0.65
Store B,South,Grocery,Spices,2025-05-02,4,2885.22,707,101,47764.24,0.72
Store A,North,Electronics,Tablet,2025-05-02,2,20480.69,131,86,703655.85,0.35
Store C,East,Electronics,Laptop,2025-05-02,2,31613.89,596,60,622907.32,0.61
Store D,West,Electronics,Laptop,2025-05-03,1,18231.49,572,36,661579.77,0.33
Store A,North,Home & Lifestyle,Lamp,2025-05-03,6,11754.76,142,114,307998.75,0.46
Store C,East,Electronics,Smartphone,2025-05-03,4,58576.72,118,59,792592.99,0.89
Store B,South,Home & Lifestyle,Cushion,2025-05-03,4,10523.72,152,48,123621.14,1.02
Store B,South,Grocery,Rice,2025-05-04,8,6031.73,330,115,113499.5,0.64
Store A,North,Grocery,Snacks,2025-05-04,10,9618.68,98,156,93617.43,1.23
Store A,North,Electronics,Laptop,2025-05-04,11,163464.65,147,120,1459001.58,1.34
Store A,North,Electronics,Tablet,2025-05-04,15,248994.88,204,240,4426973.7,0.67
Store C,East,Grocery,Cooking Oil,2025-05-05,11,7364.87,174,164,110476.17,0.8
Store D,West,Home & Lifestyle,Cushion,2025-05-05,5,13134.9,286,83,170843.16,0.92
Store C,East,Electronics,Tablet,2025-05-05,6,84743.7,468,97,1101103.95,0.92
Store B,South,Home & Lifestyle,Cushion,2025-05-06,11,23497.71,593,149,200606.64,1.41
Store B,South,Home & Lifestyle,Cushion,2025-05-06,12,42078.15,849,75,191133.85,2.64
Store B,South,Electronics,Smartwatch,2025-05-06,11,259254.87,862,109,1928265.86,1.61
Store C,East,Grocery,Snacks,2025-05-06,14,7526.02,567,203,96778.35,0.93
Store C,East,Home & Lifestyle,Cookware,2025-05-06,7,11573.75,901,103,139625.81,0.99
Store D,West,Home & Lifestyle,Cushion,2025-05-06,14,36621.06,610,131,283970.06,1.55
Store A,North,Grocery,Beverages,2025-05-07,8,6440.29,341,64,38257.8,2.02
Store A,North,Electronics,Smartwatch,2025-05-07,2,54313.05,840,48,1058655.0,0.62
Store D,West,Grocery,Rice,2025-05-07,9,9661.36,934,122,130318.37,0.89
Store C,East,Grocery,Snacks,2025-05-07,8,6102.56,854,160,101272.22,0.72
Store C,East,Electronics,Smartphone,2025-05-07,3,41223.31,205,78,803043.99,0.62
Store B,South,Home & Lifestyle,Lamp,2025-05-07,6,11939.6,837,90,101555.61,1.41
Store C,East,Home & Lifestyle,Bedsheet,2025-05-07,15,43480.5,853,142,312408.57,1.67
Store B,South,Electronics,Headphones,2025-05-08,2,13431.45,147,96,710165.28,0.23
Store A,North,Grocery,Rice,2025-05-08,8,9526.64,675,142,93143.08,1.23
Store B,South,Grocery,Spices,2025-05-08,6,4044.98,278,136,101125.54,0.48
Store D,West,Home & Lifestyle,Lamp,2025-05-08,11,18952.38,275,173,208117.36,1.09
Store A,North,Home & Lifestyle,Cushion,2025-05-08,9,29318.88,742,161,436357.82,0.81
Store C,East,Electronics,Smartphone,2025-05-08,14,328324.81,387,155,2314535.01,1.7
Store D,West,Grocery,Rice,2025-05-09,13,11220.9,534,157,105898.12,1.27
Store B,South,Grocery,Beverages,2025-05-09,13,11652.43,763,181,127601.04,1.1
Store A,North,Home & Lifestyle,Storage Box,2025-05-09,1,2552.72,747,55,107265.25,0.29
Store A,North,Grocery,Rice,2025-05-09,6,3843.4,917,67,35903.95,1.28
Store D,West,Home & Lifestyle,Storage Box,2025-05-10,11,16525.17,797,99,97629.84,2.03
Store A,North,Home & Lifestyle,Storage Box,2025-05-11,13,35448.07,810,235,395235.56,1.08
Store B,South,Home & Lifestyle,Bedsheet,2025-05-11,12,21649.86,691,168,207126.21,1.25
Store D,West,Electronics,Headphones,2025-05-12,7,104713.86,80,126,2402706.19,0.52
Store B,South,Grocery,Beverages,2025-05-12,8,4845.22,688,129,80275.63,0.72
Store A,North,Grocery,Snacks,2025-05-12,11,4531.53,761,167,45350.94,1.2
Store D,West,Electronics,Laptop,2025-05-12,4,54207.5,348,43,386959.51,1.68
Store B,South,Electronics,Smartwatch,2025-05-12,4,114359.17,716,96,1980037.39,0.69
Store D,West,Home & Lifestyle,Cushion,2025-05-13,5,11657.51,240,61,136572.87,1.02
Store A,North,Home & Lifestyle,Bedsheet,2025-05-13,7,25986.31,696,112,275103.35,1.13
Store C,East,Grocery,Rice,2025-05-13,12,10493.61,188,119,105498.74,1.19
Store A,North,Home & Lifestyle,Lamp,2025-05-13,15,49987.03,305,136,386938.36,1.55
Store D,West,Home & Lifestyle,Cookware,2025-05-14,5,8182.87,404,104,124529.43,0.79
Store C,East,Electronics,Smartwatch,2025-05-14,12,187667.87,372,171,2177795.17,1.03
Store A,North,Home & Lifestyle,Cookware,2025-05-14,15,37126.74,167,101,192638.57,2.31
Store B,South,Home & Lifestyle,Cookware,2025-05-15,7,19959.38,136,115,297486.75,0.81
Store D,West,Grocery,Cooking Oil,2025-05-15,10,10571.95,913,143,162024.21,0.78
Store C,East,Grocery,Beverages,2025-05-15,11,9713.47,564,199,127668.64,0.91
Store C,East,Home & Lifestyle,Bedsheet,2025-05-16,15,29746.93,852,164,254117.44,1.4
Store B,South,Electronics,Headphones,2025-05-16,4,48521.66,249,100,1379274.39,0.42
Store B,South,Electronics,Smartphone,2025-05-16,8,139066.3,152,88,1494328.28,1.12
Store D,West,Grocery,Snacks,2025-05-17,5,4492.21,814,79,55594.1,0.97
Store A,North,Grocery,Cooking Oil,2025-05-17,3,2444.2,345,46,41412.44,0.71
Store C,East,Grocery,Spices,2025-05-17,2,2588.32,805,90,68634.16,0.45
Store C,East,Electronics,Headphones,2025-05-17,3,52561.8,707,36,373777.4,1.69
Store C,East,Electronics,Smartwatch,2025-05-17,15,346685.23,136,226,3543464.26,1.17
Store C,East,Home & Lifestyle,Storage Box,2025-05-17,7,17210.03,831,108,154767.83,1.33
Store C,East,Grocery,Cooking Oil,2025-05-17,10,10118.2,691,183,101250.88,1.2
Store B,South,Grocery,Cooking Oil,2025-05-18,15,8043.41,294,133,62487.67,1.54
Store A,North,Home & Lifestyle,Lamp,2025-05-18,11,38164.75,538,136,425121.14,1.08
Store A,North,Electronics,Laptop,2025-05-18,15,314593.97,758,134,3250337.6,1.16
Store B,South,Home & Lifestyle,Lamp,2025-05-18,12,28013.87,158,193,353539.78,0.95
Store C,East,Grocery,Rice,2025-05-18,10,12813.67,933,152,97364.15,1.58
Store B,South,Home & Lifestyle,Cookware,2025-05-18,10,19539.59,341,113,187435.82,1.25
Store B,South,Home & Lifestyle,Cushion,2025-05-18,14,39104.48,595,138,353554.23,1.33
Store A,North,Electronics,Headphones,2025-05-18,7,91980.57,334,159,1905364.54,0.58
Store D,West,Electronics,Laptop,2025-05-18,13,226116.98,389,92,1349283.55,2.01
Store A,North,Electronics,Smartwatch,2025-05-19,9,66982.59,407,114,995645.17,0.81
Store B,South,Electronics,Headphones,2025-05-19,9,121369.56,492,116,1034881.27,1.41
Store A,North,Grocery,Rice,2025-05-19,3,2267.44,633,36,20201.42,1.35
Store B,South,Grocery,Cooking Oil,2025-05-19,13,6567.89,180,129,59842.26,1.32
Store A,North,Home & Lifestyle,Cookware,2025-05-19,3,8163.15,596,82,156753.36,0.62
Store A,North,Electronics,Smartwatch,2025-05-19,11,293646.01,623,186,2909388.31,1.21
Store D,West,Electronics,Laptop,2025-05-19,13,174863.12,353,190,2283313.14,0.92
Store D,West,Grocery,Rice,2025-05-20,1,659.36,422,34,18042.07,0.44
Store D,West,Grocery,Snacks,2025-05-20,7,7626.87,640,76,61717.37,1.48
Store C,East,Home & Lifestyle,Cushion,2025-05-20,2,3148.48,80,36,81449.65,0.46
Store A,North,Grocery,Cooking Oil,2025-05-20,14,9630.41,288,131,100006.15,1.16
Store B,South,Electronics,Laptop,2025-05-20,6,107713.63,804,111,1801214.2,0.72
Store C,East,Electronics,Tablet,2025-05-21,12,224092.39,187,161,4135132.02,0.65
Store D,West,Grocery,Beverages,2025-05-21,4,2410.63,765,78,40067.8,0.72
Store B,South,Grocery,Spices,2025-05-21,6,3700.27,500,101,54679.99,0.81
Store A,North,Home & Lifestyle,Lamp,2025-05-21,5,12896.29,899,74,132343.01,1.17
Store C,East,Home & Lifestyle,Cookware,2025-05-21,3,11120.64,687,70,211645.78,0.63
Store B,South,Home & Lifestyle,Cookware,2025-05-21,8,9937.08,153,161,170024.42,0.7
Store A,North,Grocery,Spices,2025-05-21,12,11176.42,270,189,148802.9,0.9
Store C,East,Grocery,Snacks,2025-05-21,10,9010.94,284,134,93659.44,1.15
Store C,East,Grocery,Rice,2025-05-22,10,6223.93,782,158,81845.49,0.91
Store B,South,Grocery,Beverages,2025-05-23,5,6795.14,899,85,73603.45,1.11
Store B,South,Home & Lifestyle,Cushion,2025-05-23,6,17061.06,588,73,127222.24,1.61
Store A,North,Home & Lifestyle,Lamp,2025-05-23,7,22965.09,518,94,265576.66,1.04
Store A,North,Electronics,Tablet,2025-05-24,6,59669.45,454,142,1645156.56,0.44
Store C,East,Grocery,Beverages,2025-05-24,9,8409.28,561,111,92246.69,1.09
Store D,West,Grocery,Spices,2025-05-24,9,6080.02,93,98,86900.82,0.84
Store A,North,Grocery,Beverages,2025-05-25,6,6947.6,713,55,37038.7,2.25
Store B,South,Electronics,Smartphone,2025-05-25,8,137664.18,276,137,1961353.49,0.84
Store A,North,Grocery,Beverages,2025-05-25,14,10190.32,776,109,69290.96,1.76
Store B,South,Grocery,Rice,2025-05-26,3,2040.51,456,49,31418.91,0.78
Store C,East,Grocery,Cooking Oil,2025-05-26,6,3149.78,787,125,54436.25,0.69
Store A,North,Electronics,Tablet,2025-05-26,6,77062.92,690,117,1257942.43,0.74
Store B,South,Grocery,Spices,2025-05-27,11,4660.75,119,143,68105.42,0.82
Store A,North,Electronics,Smartwatch,2025-05-27,9,151904.22,566,123,2144469.06,0.85
Store C,East,Home & Lifestyle,Cookware,2025-05-27,13,26136.17,104,144,198282.33,1.58
Store A,North,Electronics,Smartphone,2025-05-27,15,183174.49,815,219,1926326.02,1.14
Store D,West,Electronics,Tablet,2025-05-27,4,61788.12,184,99,1465476.27,0.51
Store C,East,Grocery,Beverages,2025-05-27,15,16473.92,247,182,126878.11,1.56
Store A,North,Home & Lifestyle,Cookware,2025-05-27,11,12825.56,169,95,92213.7,1.67
Store C,East,Grocery,Snacks,2025-05-28,6,5850.14,331,90,83514.63,0.84
Store B,South,Grocery,Cooking Oil,2025-05-28,15,14960.0,150,116,135131.32,1.33
Store B,South,Home & Lifestyle,Cushion,2025-05-28,8,16819.97,663,74,182001.42,1.11
Store C,East,Grocery,Rice,2025-05-28,13,13550.49,749,176,171130.56,0.95
Store B,South,Home & Lifestyle,Bedsheet,2025-05-28,2,4367.08,222,46,96600.78,0.54
Store B,South,Grocery,Beverages,2025-05-29,3,2161.08,688,27,11423.19,2.27
Store A,North,Grocery,Spices,2025-05-29,13,16086.03,508,235,180820.89,1.07
Store B,South,Grocery,Beverages,2025-05-29,12,9387.33,196,73,60629.12,1.86
Store D,West,Electronics,Smartwatch,2025-05-29,3,66601.49,463,60,1304617.17,0.61
Store B,South,Home & Lifestyle,Storage Box,2025-05-29,5,7544.16,781,84,114801.07,0.79
Store A,North,Grocery,Cooking Oil,2025-05-30,3,3300.17,261,70,70420.26,0.56
Store C,East,Electronics,Smartphone,2025-05-30,14,160000.16,788,129,1166476.9,1.65
Store D,West,Electronics,Tablet,2025-05-30,12,188014.75,259,120,2279827.61,0.99
Store A,North,Home & Lifestyle,Lamp,2025-05-30,11,16040.3,333,156,290436.03,0.66
Store B,South,Electronics,Smartwatch,2025-05-30,9,82172.25,93,94,976468.99,1.01
Store D,West,Electronics,Laptop,2025-05-31,11,255903.13,819,170,3817941.34,0.8
Store A,North,Grocery,Cooking Oil,2025-05-31,2,1273.27,413,46,27014.64,0.57
Store B,South,Electronics,Laptop,2025-06-01,6,126433.01,434,73,1734806.5,0.87
Store B,South,Electronics,Headphones,2025-06-01,9,127344.56,409,122,1552281.17,0.98
Store A,North,Home & Lifestyle,Storage Box,2025-06-02,9,14852.06,680,162,214223.3,0.83
Store C,East,Grocery,Cooking Oil,2025-06-02,3,1763.18,451,77,57460.66,0.37
Store B,South,Home & Lifestyle,Bedsheet,2025-06-02,11,29309.55,265,214,535529.87,0.66
Store A,North,Home & Lifestyle,Lamp,2025-06-02,13,36997.81,608,152,300449.44,1.48
Store B,South,Electronics,Smartphone,2025-06-02,1,10056.86,739,73,446083.46,0.27
Store C,East,Home & Lifestyle,Storage Box,2025-06-03,10,22853.72,201,151,260283.58,1.05
Store B,South,Grocery,Cooking Oil,2025-06-03,8,9207.07,551,91,96339.49,1.15
Store C,East,Electronics,Smartphone,2025-06-03,4,67270.77,194,60,775824.04,1.04
Store D,West,Grocery,Beverages,2025-06-03,9,6269.72,264,114,71393.97,1.05
Store A,North,Home & Lifestyle,Bedsheet,2025-06-03,6,12455.31,698,44,70125.58,2.13
Store C,East,Grocery,Beverages,2025-06-03,7,5548.25,607,131,81897.51,0.81
Store D,West,Electronics,Headphones,2025-06-03,6,119042.7,673,148,2292417.75,0.62
Store A,North,Home & Lifestyle,Cushion,2025-06-04,1,1574.86,564,78,106532.45,0.18
Store A,North,Electronics,Laptop,2025-06-04,13,175818.28,232,157,1948765.28,1.08
Store B,South,Electronics,Headphones,2025-06-04,9,163694.5,289,103,1168083.55,1.68
Store D,West,Grocery,Cooking Oil,2025-06-04,4,3022.71,669,48,25905.21,1.4
Store A,North,Grocery,Spices,2025-06-05,8,7185.56,910,68,47748.64,1.81
Store C,East,Home & Lifestyle,Cookware,2025-06-05,10,22595.36,98,179,526716.45,0.51
Store D,West,Home & Lifestyle,Cookware,2025-06-05,4,3918.03,352,100,96209.7,0.49
Store C,East,Grocery,Beverages,2025-06-05,12,5875.5,713,178,66011.74,1.07
Store C,East,Home & Lifestyle,Lamp,2025-06-05,5,6521.46,244,117,124655.66,0.63
Store D,West,Home & Lifestyle,Lamp,2025-06-05,12,25939.57,906,159,367458.84,0.85
Store C,East,Home & Lifestyle,Storage Box,2025-06-05,6,22247.49,694,61,172987.92,1.54
Store A,North,Electronics,Tablet,2025-06-06,3,23665.45,301,98,988852.83,0.29
Store D,West,Home & Lifestyle,Storage Box,2025-06-06,2,4720.82,418,95,255806.63,0.22
Store C,East,Electronics,Laptop,2025-06-06,6,69072.31,176,39,294892.96,2.81
Store A,North,Home & Lifestyle,Bedsheet,2025-06-06,2,5000.96,726,28,57358.95,1.05
Store C,East,Home & Lifestyle,Bedsheet,2025-06-07,14,30920.33,94,116,292693.27,1.27
Store B,South,Grocery,Spices,2025-06-08,13,11364.48,447,235,170514.05,0.8
Store B,South,Grocery,Snacks,2025-06-08,3,3433.0,905,46,32843.67,1.25
Store D,West,Home & Lifestyle,Storage Box,2025-06-09,5,11777.15,310,73,160419.34,0.88
Store A,North,Home & Lifestyle,Cushion,2025-06-09,1,3783.08,911,35,96924.26,0.47
Store A,North,Electronics,Headphones,2025-06-09,7,132734.46,229,101,1431260.86,1.11
Store A,North,Home & Lifestyle,Cookware,2025-06-09,9,25161.05,747,100,240426.72,1.26
Store A,North,Home & Lifestyle,Cookware,2025-06-09,8,16842.92,801,127,146763.39,1.38
Store C,East,Home & Lifestyle,Cushion,2025-06-10,13,41805.99,585,102,287910.49,1.74
Store C,East,Home & Lifestyle,Bedsheet,2025-06-10,13,19538.59,144,134,172865.17,1.36
Store A,North,Home & Lifestyle,Cushion,2025-06-10,11,17698.93,899,164,187136.17,1.13
Store D,West,Home & Lifestyle,Bedsheet,2025-06-10,13,46279.31,833,123,316234.22,1.76
Store D,West,Grocery,Rice,2025-06-11,6,7047.9,899,108,71669.1,1.18
Store A,North,Home & Lifestyle,Storage Box,2025-06-11,12,18581.83,487,110,132444.72,1.68
Store D,West,Home & Lifestyle,Storage Box,2025-06-11,4,6587.0,661,73,126307.89,0.63
Store C,East,Grocery,Snacks,2025-06-11,7,3200.1,138,88,51149.29,0.75
Store C,East,Home & Lifestyle,Bedsheet,2025-06-11,10,19493.72,672,117,168110.03,1.39
Store D,West,Grocery,Spices,2025-06-11,12,6990.32,811,118,61068.96,1.37
Store B,South,Grocery,Spices,2025-06-11,15,8879.65,740,174,62943.15,1.69
Store B,South,Home & Lifestyle,Lamp,2025-06-12,12,20892.49,277,102,174739.64,1.43
Store D,West,Electronics,Smartwatch,2025-06-12,11,169892.33,270,185,2742436.1,0.74
Store B,South,Grocery,Spices,2025-06-12,7,2922.81,653,123,43332.04,0.81
Store C,East,Electronics,Smartwatch,2025-06-12,12,169114.54,659,179,1691094.94,1.2
Store C,East,Home & Lifestyle,Lamp,2025-06-12,6,9148.82,465,112,93000.59,1.18
Store A,North,Grocery,Cooking Oil,2025-06-12,7,5359.67,835,80,37911.08,1.7
Store B,South,Electronics,Headphones,2025-06-13,12,154571.17,898,69,565918.67,3.28
Store D,West,Grocery,Rice,2025-06-13,15,12594.03,208,150,135878.54,1.11
Store A,North,Electronics,Headphones,2025-06-13,10,217582.31,848,119,2376697.81,1.1
Store C,East,Electronics,Laptop,2025-06-13,13,272432.83,651,111,1563035.0,2.09
Store C,East,Grocery,Beverages,2025-06-14,15,14027.9,379,177,131293.11,1.28
Store A,North,Grocery,Snacks,2025-06-14,11,9290.73,334,125,105573.49,1.06
Store B,South,Electronics,Smartwatch,2025-06-14,10,126350.67,783,193,2105866.07,0.72
Store A,North,Home & Lifestyle,Cookware,2025-06-15,6,7130.16,234,112,171122.27,0.5
Store D,West,Home & Lifestyle,Cushion,2025-06-15,14,32283.6,163,242,582415.6,0.67
Store C,East,Electronics,Smartphone,2025-06-15,3,29946.93,385,95,753622.99,0.48
Store A,North,Home & Lifestyle,Lamp,2025-06-15,15,23822.4,356,150,250015.23,1.14
Store D,West,Grocery,Cooking Oil,2025-06-15,8,5660.8,929,142,60995.26,1.11
Store C,East,Grocery,Beverages,2025-06-15,1,747.26,653,34,14810.1,0.61
Store C,East,Home & Lifestyle,Cushion,2025-06-15,1,1802.96,283,88,180342.95,0.12
Store D,West,Electronics,Smartwatch,2025-06-15,6,136278.05,929,125,1994793.41,0.82
Store A,North,Electronics,Headphones,2025-06-16,11,151139.53,326,195,3431733.61,0.53
Store B,South,Grocery,Snacks,2025-06-16,12,14087.78,734,66,62512.38,2.7
Store D,West,Grocery,Snacks,2025-06-16,7,6577.67,166,55,37678.52,2.09
Store C,East,Grocery,Snacks,2025-06-16,8,8142.5,275,94,71503.03,1.37
Store A,North,Grocery,Snacks,2025-06-17,8,10556.88,523,138,136879.15,0.93
Store A,North,Electronics,Smartwatch,2025-06-17,9,81337.26,97,124,1070412.14,0.91
Store A,North,Grocery,Cooking Oil,2025-06-17,15,12432.37,616,281,203797.16,0.73
Store B,South,Home & Lifestyle,Bedsheet,2025-06-17,7,9695.99,730,121,159535.96,0.73
Store B,South,Grocery,Rice,2025-06-18,9,5612.74,700,160,75639.6,0.89
Store D,West,Grocery,Snacks,2025-06-18,5,4331.76,120,64,65792.74,0.79
Store B,South,Home & Lifestyle,Cushion,2025-06-18,15,40302.75,907,203,343485.52,1.41
Store B,South,Home & Lifestyle,Cookware,2025-06-18,15,32394.43,209,140,278811.19,1.39
Store D,West,Home & Lifestyle,Storage Box,2025-06-18,6,5841.82,233,58,66560.89,1.05
Store B,South,Home & Lifestyle,Lamp,2025-06-18,12,26888.48,357,130,249657.76,1.29
Store B,South,Home & Lifestyle,Lamp,2025-06-19,11,12131.81,459,123,97659.15,1.49
Store C,East,Home & Lifestyle,Storage Box,2025-06-19,4,7401.68,505,91,108615.03,0.82
Store D,West,Home & Lifestyle,Bedsheet,2025-06-19,1,1239.73,211,37,46668.32,0.32
Store C,East,Grocery,Spices,2025-06-19,15,22220.48,772,227,242494.48,1.1
Store B,South,Grocery,Rice,2025-06-19,6,7019.75,599,81,55413.43,1.52
Store C,East,Electronics,Laptop,2025-06-20,9,153546.6,603,154,2600947.18,0.71
Store A,North,Grocery,Snacks,2025-06-20,8,7456.79,614,159,85516.38,1.05
Store B,South,Grocery,Cooking Oil,2025-06-20,11,9457.62,159,178,127014.07,0.89
Store B,South,Electronics,Laptop,2025-06-20,5,67798.02,676,80,903632.14,0.9
Store C,East,Electronics,Smartphone,2025-06-20,3,50267.0,340,52,875482.33,0.69
Store A,North,Electronics,Smartphone,2025-06-22,10,227922.34,607,89,1742990.76,1.57
Store D,West,Electronics,Smartphone,2025-06-22,10,98555.79,414,149,1292426.58,0.92
Store A,North,Home & Lifestyle,Lamp,2025-06-22,7,9093.72,926,123,115825.77,0.94
Store D,West,Grocery,Beverages,2025-06-22,1,865.76,689,55,28932.96,0.36
Store D,West,Electronics,Headphones,2025-06-22,8,202963.11,513,95,2083120.82,1.17
Store B,South,Electronics,Laptop,2025-06-22,5,68858.6,738,88,979875.11,0.84
Store C,East,Grocery,Beverages,2025-06-23,5,3859.47,373,100,84155.99,0.55
Store A,North,Home & Lifestyle,Bedsheet,2025-06-23,1,3329.16,787,29,80638.88,0.5
Store B,South,Home & Lifestyle,Lamp,2025-06-24,5,13649.86,80,120,264529.11,0.62
Store C,East,Electronics,Laptop,2025-06-24,11,285996.6,819,158,3779979.24,0.91
Store B,South,Grocery,Cooking Oil,2025-06-24,11,9998.2,630,92,71221.34,1.68
Store C,East,Grocery,Rice,2025-06-24,15,15985.15,561,205,172515.6,1.11
Store D,West,Grocery,Cooking Oil,2025-06-24,7,6495.48,704,72,33394.7,2.33
Store D,West,Home & Lifestyle,Bedsheet,2025-06-24,7,13555.17,158,144,320873.43,0.51
Store B,South,Grocery,Cooking Oil,2025-06-24,15,21015.17,667,158,114404.45,2.2
Store D,West,Grocery,Snacks,2025-06-24,12,8900.13,699,93,52908.94,2.02
Store A,North,Home & Lifestyle,Bedsheet,2025-06-25,12,21111.91,121,121,237502.41,1.07
Store A,North,Home & Lifestyle,Bedsheet,2025-06-25,2,5526.78,157,54,149041.66,0.44
Store A,North,Home & Lifestyle,Cookware,2025-06-25,7,15464.11,665,77,104109.19,1.78
Store D,West,Electronics,Tablet,2025-06-25,12,204651.67,211,141,1900886.44,1.29
Store D,West,Electronics,Tablet,2025-06-26,10,114802.02,259,129,1170740.23,1.18
Store C,East,Electronics,Smartwatch,2025-06-26,11,158497.21,699,157,1505916.99,1.26
Store A,North,Grocery,Beverages,2025-06-26,11,11527.22,389,93,64874.58,2.13
Store A,North,Electronics,Headphones,2025-06-26,4,77932.02,391,99,1593266.95,0.59
Store A,North,Electronics,Headphones,2025-06-27,4,37635.46,160,82,701358.82,0.64
Store B,South,Electronics,Laptop,2025-06-27,2,29824.97,857,64,696542.26,0.51
Store C,East,Electronics,Tablet,2025-06-27,4,119118.06,671,80,1415915.84,1.01
Store B,South,Electronics,Smartwatch,2025-06-27,12,220655.32,390,107,1663265.72,1.59
Store D,West,Grocery,Spices,2025-06-28,11,8280.72,921,156,64601.24,1.54
Store D,West,Electronics,Headphones,2025-06-28,7,109190.65,803,72,855779.79,1.53
Store D,West,Electronics,Laptop,2025-06-28,14,127028.12,149,189,1438842.64,1.06
Store C,East,Electronics,Tablet,2025-06-28,6,149283.65,466,104,2244686.66,0.8
Store D,West,Grocery,Spices,2025-06-28,1,591.64,616,44,20758.56,0.34
Store C,East,Electronics,Tablet,2025-06-28,14,122475.25,358,113,886148.85,1.66
Store C,East,Electronics,Smartwatch,2025-06-30,8,138707.34,608,135,2058776.08,0.81
Store D,West,Grocery,Cooking Oil,2025-06-30,3,2105.0,257,91,52010.25,0.49
Store B,South,Electronics,Smartwatch,2025-06-30,1,7199.67,209,28,172295.26,0.5
Store D,West,Grocery,Snacks,2025-06-30,13,16936.37,873,246,272945.95,0.74
Store B,South,Grocery,Snacks,2025-06-30,15,16458.64,847,109,80333.84,2.46
Store A,North,Grocery,Snacks,2025-06-30,9,7389.99,192,198,173677.71,0.51
Store D,West,Grocery,Rice,2025-06-30,12,10561.65,606,219,191680.02,0.66
Store B,South,Grocery,Rice,2025-06-30,11,7220.36,577,126,83015.2,1.04
Store A,North,Home & Lifestyle,Cookware,2025-07-01,2,3878.66,272,57,111432.83,0.42
Store C,East,Electronics,Smartwatch,2025-07-01,5,92944.47,504,81,1095260.14,1.02
Store C,East,Grocery,Rice,2025-07-01,1,1224.84,373,73,83197.19,0.18
Store C,East,Grocery,Beverages,2025-07-01,7,4107.75,316,118,68768.6,0.72
Store B,South,Electronics,Smartphone,2025-07-01,9,138851.78,277,105,1244253.69,1.34
Store C,East,Grocery,Rice,2025-07-01,4,4087.14,416,97,62086.5,0.79
Store C,East,Grocery,Cooking Oil,2025-07-01,7,6731.04,173,110,90923.26,0.89
Store B,South,Electronics,Laptop,2025-07-02,1,28515.6,621,84,1359145.93,0.25
Store D,West,Home & Lifestyle,Lamp,2025-07-02,9,29866.13,925,141,452572.87,0.79
Store A,North,Grocery,Cooking Oil,2025-07-02,12,12191.79,868,114,74740.6,1.96
Store D,West,Grocery,Spices,2025-07-02,4,1955.4,775,52,19242.27,1.22
Store C,East,Electronics,Laptop,2025-07-02,2,27283.88,927,33,363444.18,0.9
Store D,West,Electronics,Smartwatch,2025-07-03,8,211648.68,570,87,2040512.4,1.24
Store B,South,Grocery,Cooking Oil,2025-07-03,2,1226.36,291,86,39734.2,0.37
Store A,North,Electronics,Tablet,2025-07-03,4,91526.27,673,34,739195.56,1.49
Store A,North,Electronics,Smartphone,2025-07-03,12,118664.41,889,175,1449126.71,0.98
Store A,North,Home & Lifestyle,Storage Box,2025-07-03,8,10749.96,174,134,182039.3,0.71
Store A,North,Grocery,Cooking Oil,2025-07-03,14,9391.61,608,187,136404.01,0.83
Store A,North,Home & Lifestyle,Bedsheet,2025-07-04,12,22489.63,403,155,300043.08,0.9
Store C,East,Electronics,Smartphone,2025-07-04,6,117639.75,601,83,1514185.81,0.93
Store D,West,Electronics,Smartwatch,2025-07-04,5,131323.31,904,108,2097792.71,0.75
Store B,South,Grocery,Snacks,2025-07-04,8,7185.08,873,131,89429.5,0.96
Store D,West,Electronics,Laptop,2025-07-05,9,202353.94,825,170,2704639.11,0.9
Store D,West,Home & Lifestyle,Storage Box,2025-07-05,5,17728.34,521,121,322143.35,0.66
Store B,South,Electronics,Tablet,2025-07-05,9,251487.57,837,88,1802496.16,1.67
Store A,North,Electronics,Smartphone,2025-07-06,7,63749.37,495,111,729940.88,1.05
Store C,East,Grocery,Spices,2025-07-06,14,12246.81,327,139,102690.2,1.43
Store D,West,Electronics,Laptop,2025-07-06,9,204522.98,558,146,2754925.07,0.89
Store C,East,Electronics,Smartphone,2025-07-06,4,106615.87,607,67,1447478.34,0.88
Store C,East,Electronics,Smartwatch,2025-07-06,13,121869.41,679,90,834993.67,1.75
Store D,West,Home & Lifestyle,Storage Box,2025-07-06,10,24606.41,532,216,414434.06,0.71
Store A,North,Grocery,Beverages,2025-07-06,14,11964.4,250,177,146959.63,0.98
Store A,North,Electronics,Smartwatch,2025-07-06,9,109712.26,676,112,822260.76,1.6
Store D,West,Electronics,Laptop,2025-07-06,7,115969.59,492,80,1229212.37,1.13
Store D,West,Grocery,Snacks,2025-07-07,5,7560.02,786,95,70032.45,1.3
Store B,South,Home & Lifestyle,Storage Box,2025-07-07,11,28777.42,594,197,409879.3,0.84
Store A,North,Home & Lifestyle,Cushion,2025-07-07,15,41680.27,836,246,558585.87,0.9
Store A,North,Home & Lifestyle,Cushion,2025-07-07,7,9104.34,193,110,111577.2,0.98
Store B,South,Home & Lifestyle,Storage Box,2025-07-07,6,20573.36,387,153,476003.17,0.52
Store C,East,Grocery,Beverages,2025-07-07,15,12052.47,878,208,107037.68,1.35
Store D,West,Home & Lifestyle,Storage Box,2025-07-07,8,27983.35,411,168,423136.14,0.79
Store B,South,Grocery,Cooking Oil,2025-07-07,11,15227.47,877,140,124075.45,1.47
Store D,West,Electronics,Smartwatch,2025-07-07,3,40053.62,880,112,1303504.93,0.37
Store A,North,Electronics,Smartphone,2025-07-08,2,30563.8,268,36,395852.37,0.93
Store D,West,Electronics,Smartwatch,2025-07-08,9,113407.78,288,158,1938376.71,0.7
Store A,North,Electronics,Smartphone,2025-07-08,9,199564.06,761,132,2489888.34,0.96
Store B,South,Home & Lifestyle,Lamp,2025-07-08,3,8790.76,402,94,195427.16,0.54
Store A,North,Home & Lifestyle,Bedsheet,2025-07-09,12,30045.66,199,165,378052.5,0.95
Store C,East,Electronics,Smartwatch,2025-07-09,5,105837.38,483,58,854433.29,1.49
Store C,East,Grocery,Beverages,2025-07-09,11,13492.16,925,173,132293.84,1.22
Store B,South,Home & Lifestyle,Bedsheet,2025-07-10,9,14242.72,608,151,241493.14,0.71
Store B,South,Electronics,Headphones,2025-07-10,2,28979.06,211,68,969140.99,0.36
Store B,South,Home & Lifestyle,Storage Box,2025-07-10,13,32999.44,136,130,308244.26,1.28
Store C,East,Electronics,Smartphone,2025-07-10,15,347451.57,782,160,2588071.43,1.61
Store D,West,Grocery,Spices,2025-07-10,8,4965.63,887,144,68632.79,0.87
Store D,West,Grocery,Beverages,2025-07-11,8,4317.39,590,74,23473.83,2.21
Store A,North,Grocery,Cooking Oil,2025-07-11,15,12272.78,278,214,166537.1,0.88
Store B,South,Home & Lifestyle,Lamp,2025-07-11,13,46317.79,725,184,572542.43,0.97
Store A,North,Electronics,Smartwatch,2025-07-11,9,221078.46,910,138,2085932.51,1.27
Store B,South,Electronics,Smartwatch,2025-07-11,10,257878.26,757,117,2232230.07,1.39
Store D,West,Grocery,Spices,2025-07-12,9,8951.07,928,92,58425.65,1.84
Store B,South,Grocery,Cooking Oil,2025-07-12,10,4750.99,335,153,67493.77,0.84
Store C,East,Grocery,Cooking Oil,2025-07-12,10,5918.53,710,148,60796.79,1.17
Store B,South,Grocery,Snacks,2025-07-12,4,2592.22,197,64,29209.97,1.06
Store B,South,Grocery,Cooking Oil,2025-07-13,6,3169.75,694,115,56683.67,0.67
Store C,East,Home & Lifestyle,Bedsheet,2025-07-13,10,18730.05,757,144,168367.19,1.33
Store D,West,Grocery,Snacks,2025-07-13,14,12782.87,851,150,132432.53,1.16
Store C,East,Home & Lifestyle,Lamp,2025-07-13,14,52471.85,699,173,465093.27,1.35
Store C,East,Grocery,Spices,2025-07-14,5,3948.9,176,52,30473.59,1.56
Store A,North,Grocery,Spices,2025-07-14,4,4767.7,656,60,70704.78,0.81
Store C,East,Grocery,Snacks,2025-07-14,15,9853.37,406,171,73697.89,1.6
Store A,North,Grocery,Snacks,2025-07-14,5,2507.46,325,88,50162.29,0.6
Store C,East,Grocery,Spices,2025-07-15,3,2708.78,388,114,128105.42,0.25
Store B,South,Grocery,Spices,2025-07-15,7,5504.48,436,97,55115.3,1.2
Store D,West,Home & Lifestyle,Lamp,2025-07-16,5,15500.8,825,67,145253.63,1.28
Store B,South,Home & Lifestyle,Bedsheet,2025-07-16,6,21006.81,789,95,306187.53,0.82
Store C,East,Electronics,Smartwatch,2025-07-16,10,141917.26,699,168,1773386.87,0.96
Store B,South,Electronics,Tablet,2025-07-16,15,311479.1,658,175,2519905.09,1.48
Store D,West,Grocery,Cooking Oil,2025-07-17,7,9130.99,787,156,133990.55,0.82
Store B,South,Electronics,Laptop,2025-07-17,2,24465.98,234,56,677316.15,0.43
Store D,West,Grocery,Beverages,2025-07-18,6,4532.22,551,118,65332.81,0.83
Store A,North,Grocery,Snacks,2025-07-18,3,2085.38,624,51,36341.48,0.69
Store C,East,Electronics,Smartwatch,2025-07-18,11,256565.21,393,77,1538957.38,2.0
Store A,North,Grocery,Cooking Oil,2025-07-19,6,5697.85,595,141,147058.12,0.46
Store D,West,Electronics,Tablet,2025-07-20,7,113673.44,565,99,1600830.22,0.85
Store B,South,Electronics,Laptop,2025-07-20,14,286602.39,924,228,3370195.52,1.02
Store D,West,Home & Lifestyle,Lamp,2025-07-20,2,4681.81,209,76,166483.31,0.34
Store A,North,Home & Lifestyle,Cushion,2025-07-20,11,17931.31,837,184,179654.91,1.2
Store D,West,Grocery,Cooking Oil,2025-07-20,13,13938.84,563,175,148838.13,1.12
Store B,South,Grocery,Snacks,2025-07-21,15,8457.08,794,230,83536.96,1.21
Store A,North,Grocery,Beverages,2025-07-21,1,1124.89,753,71,74031.61,0.18
Store D,West,Grocery,Spices,2025-07-21,10,4673.68,675,77,28914.87,1.94
Store D,West,Home & Lifestyle,Storage Box,2025-07-21,5,11215.03,923,68,135127.49,1.0
Store A,North,Home & Lifestyle,Storage Box,2025-07-21,3,7929.94,401,50,119363.83,0.8
Store B,South,Home & Lifestyle,Cushion,2025-07-22,3,5192.39,824,38,52096.2,1.2
Store B,South,Electronics,Headphones,2025-07-22,7,90811.3,124,117,1510500.04,0.72
Store D,West,Electronics,Laptop,2025-07-22,14,214518.05,332,230,3553446.83,0.72
Store B,South,Electronics,Smartphone,2025-07-22,9,146949.68,927,77,877111.11,2.01
Store B,South,Home & Lifestyle,Cookware,2025-07-23,14,46708.87,765,225,615502.91,0.91
Store B,South,Grocery,Spices,2025-07-23,5,5062.55,939,134,89372.06,0.68
Store C,East,Electronics,Smartphone,2025-07-23,12,212927.6,202,153,2377542.88,1.07
Store C,East,Grocery,Beverages,2025-07-23,1,1158.35,547,43,29249.28,0.48
Store A,North,Electronics,Headphones,2025-07-23,4,50770.15,261,92,1099541.58,0.55
Store C,East,Electronics,Smartwatch,2025-07-23,15,190961.87,448,153,1742446.3,1.32
Store A,North,Home & Lifestyle,Cookware,2025-07-23,13,23012.05,604,127,184490.22,1.5
Store D,West,Home & Lifestyle,Storage Box,2025-07-24,7,14945.83,104,123,264175.59,0.68
Store B,South,Home & Lifestyle,Storage Box,2025-07-24,13,37462.63,211,122,352239.1,1.28
Store C,East,Electronics,Smartphone,2025-07-24,13,207105.32,145,101,1225782.58,2.03
Store A,North,Electronics,Smartphone,2025-07-24,3,37054.86,575,29,441879.34,1.01
Store D,West,Grocery,Cooking Oil,2025-07-24,12,9051.1,86,192,113869.55,0.95
Store A,North,Grocery,Beverages,2025-07-25,2,1639.5,247,69,58656.07,0.34
Store D,West,Grocery,Cooking Oil,2025-07-25,10,4901.58,257,141,73368.38,0.8
Store C,East,Grocery,Beverages,2025-07-25,12,9671.23,308,145,119966.59,0.97
Store D,West,Home & Lifestyle,Cookware,2025-07-25,11,17113.64,489,181,212335.19,0.97
Store A,North,Grocery,Spices,2025-07-25,12,12416.48,334,143,134399.29,1.11
Store A,North,Home & Lifestyle,Cushion,2025-07-25,12,25090.62,240,172,336568.11,0.89
Store D,West,Grocery,Rice,2025-07-25,14,12208.55,150,200,185292.44,0.79
Store C,East,Grocery,Beverages,2025-07-26,10,5116.47,88,148,71488.59,0.86
Store A,North,Electronics,Headphones,2025-07-26,11,212391.09,655,113,2182660.61,1.17
Store C,East,Home & Lifestyle,Cushion,2025-07-26,4,13224.41,935,98,189548.89,0.84
Store B,South,Electronics,Tablet,2025-07-26,14,358574.42,498,240,5835095.81,0.74
Store A,North,Electronics,Tablet,2025-07-26,8,177721.21,867,102,1227690.66,1.74
Store A,North,Electronics,Headphones,2025-07-26,9,109619.64,124,178,1765267.86,0.75
Store A,North,Grocery,Spices,2025-07-26,2,1390.66,363,63,47645.97,0.35
Store D,West,Electronics,Smartwatch,2025-07-26,10,139609.17,688,137,1178045.23,1.42
Store B,South,Grocery,Cooking Oil,2025-07-26,7,7792.61,833,100,78314.73,1.19
Store A,North,Electronics,Headphones,2025-07-27,1,7919.28,505,35,343392.61,0.28
Store D,West,Electronics,Headphones,2025-07-27,9,99027.68,222,134,1139215.21,1.04
Store D,West,Electronics,Smartphone,2025-07-27,5,60237.98,457,93,959926.64,0.75
Store B,South,Grocery,Beverages,2025-07-27,4,4535.94,615,60,72885.71,0.75
Store B,South,Grocery,Rice,2025-07-27,11,5729.75,577,120,43778.67,1.57
Store C,East,Electronics,Headphones,2025-07-27,9,220043.62,559,145,3493326.0,0.76
Store B,South,Grocery,Cooking Oil,2025-07-28,2,1260.19,364,93,43549.85,0.35
Store B,South,Home & Lifestyle,Cushion,2025-07-28,10,22043.45,773,120,227981.08,1.16
Store C,East,Home & Lifestyle,Cushion,2025-07-28,12,20357.47,512,135,214725.64,1.14
Store D,West,Home & Lifestyle,Cookware,2025-07-28,12,35939.55,583,94,195084.74,2.21
Store B,South,Electronics,Smartwatch,2025-07-28,8,76030.01,268,90,530412.26,1.72
Store A,North,Home & Lifestyle,Storage Box,2025-07-28,11,20201.34,623,175,255188.87,0.95
Store A,North,Grocery,Spices,2025-07-28,14,12767.06,454,169,110163.1,1.39
Store D,West,Grocery,Snacks,2025-07-29,10,12094.94,842,117,138496.67,1.05
Store C,East,Home & Lifestyle,Cookware,2025-07-29,4,4458.88,396,105,130745.96,0.41
Store A,North,Home & Lifestyle,Bedsheet,2025-07-29,5,6151.06,654,117,128114.21,0.58
Store C,East,Electronics,Laptop,2025-07-29,13,197660.06,134,156,2607397.7,0.91
Store D,West,Electronics,Headphones,2025-07-30,10,170153.44,462,193,3186723.04,0.64
Store D,West,Grocery,Snacks,2025-07-30,11,8500.26,258,154,115554.78,0.88
Store B,South,Grocery,Beverages,2025-07-30,13,8130.36,104,181,131141.94,0.74
Store D,West,Grocery,Beverages,2025-07-30,3,2783.16,915,48,25082.71,1.33
Store B,South,Electronics,Smartwatch,2025-07-31,14,338675.18,794,192,3843248.53,1.06
Store D,West,Grocery,Spices,2025-07-31,3,3489.42,841,100,72007.42,0.58
Store B,South,Grocery,Rice,2025-07-31,9,4126.77,288,150,60696.96,0.82
Store A,North,Grocery,Cooking Oil,2025-08-01,5,3117.98,823,70,47120.28,0.79
Store A,North,Grocery,Rice,2025-08-01,13,12802.55,416,82,73193.75,2.1
Store B,South,Home & Lifestyle,Bedsheet,2025-08-01,12,40796.35,900,164,470253.31,1.04
Store A,North,Home & Lifestyle,Lamp,2025-08-01,4,14101.7,543,87,276463.26,0.61
Store A,North,Grocery,Rice,2025-08-02,8,11549.94,949,91,85645.79,1.62
Store C,East,Electronics,Headphones,2025-08-02,3,22952.45,154,35,247444.45,1.11
Store C,East,Grocery,Spices,2025-08-02,3,3512.45,695,70,52498.69,0.8
Store B,South,Grocery,Cooking Oil,2025-08-02,5,6065.65,575,109,82878.76,0.88
Store B,South,Electronics,Headphones,2025-08-02,4,62367.31,870,61,741422.19,1.01
Store C,East,Home & Lifestyle,Bedsheet,2025-08-02,14,15345.53,501,88,95096.37,1.94
Store A,North,Home & Lifestyle,Bedsheet,2025-08-02,12,22506.0,326,204,456098.61,0.59
Store D,West,Electronics,Tablet,2025-08-02,1,13509.39,354,37,576513.98,0.28
Store B,South,Grocery,Cooking Oil,2025-08-02,12,14770.99,657,160,128188.65,1.38
Store A,North,Grocery,Cooking Oil,2025-08-03,11,6022.91,404,165,70671.65,1.02
Store C,East,Electronics,Smartphone,2025-08-03,3,55818.59,383,76,1371682.5,0.49
Store A,North,Home & Lifestyle,Bedsheet,2025-08-03,14,29432.21,446,201,370596.87,0.95
Store B,South,Electronics,Tablet,2025-08-03,11,146378.56,209,206,2996322.12,0.59
Store A,North,Electronics,Tablet,2025-08-03,4,97973.51,877,75,1430881.43,0.82
Store D,West,Electronics,Smartwatch,2025-08-04,15,186487.72,578,125,1324615.2,1.69
Store A,North,Grocery,Snacks,2025-08-04,1,492.3,106,60,30437.3,0.19
Store A,North,Home & Lifestyle,Storage Box,2025-08-04,9,29601.06,609,105,233479.57,1.52
Store D,West,Grocery,Beverages,2025-08-04,14,9510.51,424,132,84895.77,1.34
Store B,South,Electronics,Headphones,2025-08-04,11,178308.04,470,206,2946801.46,0.73
Store C,East,Grocery,Cooking Oil,2025-08-04,10,4625.25,909,102,40368.03,1.37
Store B,South,Grocery,Spices,2025-08-05,6,3943.1,417,76,40729.83,1.16
Store A,North,Electronics,Tablet,2025-08-05,3,38711.75,518,82,900935.21,0.52
Store A,North,Electronics,Smartphone,2025-08-05,6,52089.14,376,67,695655.89,0.9
Store B,South,Home & Lifestyle,Cookware,2025-08-05,3,7920.34,598,54,104836.35,0.91
Store A,North,Electronics,Smartphone,2025-08-06,7,60121.41,582,174,1869264.27,0.39
Store D,West,Home & Lifestyle,Cushion,2025-08-06,5,12503.85,161,67,124265.99,1.21
Store A,North,Electronics,Smartphone,2025-08-06,1,18469.69,157,57,1009508.87,0.22
Store D,West,Electronics,Laptop,2025-08-06,6,164345.22,896,95,2058056.03,0.96
Store D,West,Home & Lifestyle,Cushion,2025-08-06,2,1991.09,316,30,27583.36,0.87
Store D,West,Grocery,Beverages,2025-08-07,3,2381.11,198,112,83163.93,0.34
Store D,West,Home & Lifestyle,Storage Box,2025-08-07,13,36699.72,603,110,198709.98,2.22
Store A,North,Electronics,Smartwatch,2025-08-07,14,243454.64,943,126,1939996.53,1.51
Store D,West,Electronics,Tablet,2025-08-07,4,83079.07,895,89,1163164.78,0.86
Store C,East,Electronics,Laptop,2025-08-08,7,93991.11,318,79,864110.96,1.31
Store B,South,Home & Lifestyle,Lamp,2025-08-08,7,24822.69,927,135,287392.68,1.04
Store D,West,Home & Lifestyle,Cookware,2025-08-08,5,11846.14,725,81,123605.35,1.15
Store A,North,Home & Lifestyle,Bedsheet,2025-08-09,10,20816.79,397,122,245181.62,1.02
Store C,East,Grocery,Spices,2025-08-09,2,1120.0,589,60,26886.34,0.5
Store D,West,Electronics,Tablet,2025-08-09,2,37506.47,89,66,1411053.1,0.32
Store B,South,Grocery,Beverages,2025-08-09,4,1689.15,305,94,32658.36,0.62
Store B,South,Grocery,Cooking Oil,2025-08-09,14,8449.98,626,112,63322.81,1.6
Store D,West,Home & Lifestyle,Bedsheet,2025-08-10,10,36045.88,941,106,196085.62,2.21
Store C,East,Grocery,Spices,2025-08-10,1,686.11,293,80,51585.8,0.16
Store C,East,Home & Lifestyle,Cushion,2025-08-10,9,31740.98,654,160,409482.65,0.93
Store C,East,Electronics,Tablet,2025-08-10,14,208598.91,775,168,1585165.42,1.58
Store B,South,Electronics,Smartphone,2025-08-10,9,110675.54,286,179,1886850.04,0.7
Store B,South,Home & Lifestyle,Lamp,2025-08-10,8,8883.54,404,59,51816.47,2.06
Store D,West,Home & Lifestyle,Lamp,2025-08-10,13,37039.84,874,185,344445.37,1.29
Store B,South,Electronics,Tablet,2025-08-10,12,290900.91,146,212,3540166.66,0.99
Store D,West,Home & Lifestyle,Lamp,2025-08-11,6,11644.17,697,131,194954.81,0.72
Store A,North,Electronics,Tablet,2025-08-11,8,144487.19,331,97,1415694.11,1.22
Store C,East,Grocery,Snacks,2025-08-11,15,18050.83,514,162,173346.04,1.25
Store A,North,Electronics,Smartphone,2025-08-11,12,176741.51,488,112,1433700.57,1.48
Store B,South,Grocery,Spices,2025-08-12,13,10041.99,293,214,166506.59,0.72
Store C,East,Grocery,Snacks,2025-08-12,15,9566.87,148,137,95848.56,1.2
Store D,West,Grocery,Spices,2025-08-12,11,10706.41,478,157,181236.91,0.71
Store C,East,Grocery,Snacks,2025-08-12,5,4148.18,123,82,49524.61,1.01
Store A,North,Grocery,Spices,2025-08-12,7,7391.74,573,87,65821.76,1.35
Store A,North,Electronics,Smartphone,2025-08-13,8,107144.52,191,112,1921120.93,0.67
Store D,West,Home & Lifestyle,Storage Box,2025-08-13,4,6547.77,94,97,116299.75,0.68
Store A,North,Grocery,Rice,2025-08-13,6,8467.23,753,153,117252.86,0.87
Store D,West,Home & Lifestyle,Storage Box,2025-08-14,11,30056.32,295,144,433633.62,0.83
Store D,West,Grocery,Snacks,2025-08-14,13,10227.22,272,210,102339.57,1.2
Store A,North,Grocery,Spices,2025-08-14,7,2876.2,356,121,36264.34,0.95
Store A,North,Electronics,Tablet,2025-08-14,13,130909.22,437,137,1058670.75,1.48
Store C,East,Home & Lifestyle,Cushion,2025-08-15,11,17825.66,349,94,125053.63,1.71
Store B,South,Grocery,Snacks,2025-08-15,15,21467.68,862,202,221216.33,1.16
Store A,North,Grocery,Beverages,2025-08-15,5,2483.23,301,95,60710.61,0.49
Store D,West,Home & Lifestyle,Storage Box,2025-08-16,8,11885.45,524,117,126474.71,1.13
Store C,East,Grocery,Spices,2025-08-16,8,3596.17,89,59,18282.73,2.36
Store C,East,Home & Lifestyle,Cushion,2025-08-16,13,25289.47,344,147,253515.68,1.2
Store A,North,Electronics,Headphones,2025-08-16,2,38165.19,518,40,618544.11,0.74
Store D,West,Grocery,Spices,2025-08-16,7,7718.43,431,112,121231.98,0.76
Store C,East,Electronics,Smartwatch,2025-08-17,3,40022.51,658,45,682834.71,0.7
Store A,North,Grocery,Cooking Oil,2025-08-17,11,5700.73,494,147,63235.4,1.08
Store C,East,Electronics,Headphones,2025-08-18,11,148548.47,522,155,1416120.77,1.26
Store B,South,Home & Lifestyle,Lamp,2025-08-18,7,10730.0,370,88,143471.52,0.9
Store C,East,Home & Lifestyle,Cookware,2025-08-18,5,11363.79,522,117,295800.68,0.46
Store D,West,Home & Lifestyle,Cushion,2025-08-18,10,12042.97,207,82,90813.15,1.59
Store B,South,Grocery,Spices,2025-08-18,11,8161.47,842,227,102622.0,0.95
Store D,West,Grocery,Rice,2025-08-19,9,8352.86,444,131,77172.78,1.3
Store D,West,Electronics,Tablet,2025-08-19,1,9998.23,223,61,725458.59,0.17
Store A,North,Electronics,Tablet,2025-08-20,9,187719.78,762,89,1515439.0,1.49
Store B,South,Home & Lifestyle,Lamp,2025-08-20,7,9757.82,587,98,87287.35,1.34
Store B,South,Grocery,Spices,2025-08-20,1,628.79,473,54,22206.19,0.34
Store A,North,Home & Lifestyle,Bedsheet,2025-08-21,15,25780.44,397,158,196922.15,1.57
Store A,North,Home & Lifestyle,Storage Box,2025-08-21,12,31681.23,919,172,327715.46,1.16
Store C,East,Home & Lifestyle,Storage Box,2025-08-21,12,22317.82,403,177,343189.32,0.78
Store B,South,Home & Lifestyle,Storage Box,2025-08-21,1,1334.23,260,27,24543.89,0.65
Store D,West,Electronics,Smartphone,2025-08-21,6,142919.96,469,109,2365147.05,0.73
Store B,South,Grocery,Beverages,2025-08-22,2,721.29,185,46,12349.12,0.7
Store A,North,Electronics,Tablet,2025-08-22,3,59005.65,218,81,1223701.62,0.58
Store B,South,Electronics,Headphones,2025-08-22,3,77187.05,414,40,796452.86,1.16
Store A,North,Electronics,Headphones,2025-08-22,4,77185.53,248,91,1541444.71,0.6
Store D,West,Electronics,Headphones,2025-08-22,11,257510.62,712,198,2895666.69,1.07
Store D,West,Grocery,Rice,2025-08-23,13,11732.06,335,196,211583.08,0.67
Store B,South,Grocery,Cooking Oil,2025-08-23,6,3391.75,300,40,19175.27,2.12
Store D,West,Electronics,Tablet,2025-08-23,14,365013.04,490,144,3592206.55,1.22
Store A,North,Electronics,Headphones,2025-08-23,3,26239.63,225,69,565211.4,0.56
Store D,West,Electronics,Tablet,2025-08-23,2,46255.28,592,64,976795.0,0.57
Store A,North,Home & Lifestyle,Cushion,2025-08-23,6,6960.14,476,73,56116.15,1.49
Store B,South,Grocery,Snacks,2025-08-23,1,571.35,309,60,24736.87,0.28
Store C,East,Electronics,Tablet,2025-08-24,12,156462.68,526,126,1618097.83,1.16
Store C,East,Electronics,Smartphone,2025-08-24,14,240501.25,918,193,2918285.56,0.99
Store A,North,Electronics,Laptop,2025-08-24,12,103966.43,920,139,1138878.06,1.1
Store D,West,Electronics,Laptop,2025-08-25,9,188676.56,158,136,2657257.89,0.85
Store B,South,Electronics,Smartphone,2025-08-25,13,246301.16,796,129,1577934.6,1.87
Store A,North,Electronics,Smartphone,2025-08-25,2,36580.3,945,88,1047628.45,0.42
Store D,West,Home & Lifestyle,Storage Box,2025-08-25,7,11739.99,499,116,155568.17,0.91
Store A,North,Electronics,Laptop,2025-08-25,10,112570.54,233,140,1316091.44,1.03
Store C,East,Electronics,Smartwatch,2025-08-25,7,125361.51,915,89,1003217.5,1.5
Store B,South,Grocery,Beverages,2025-08-26,15,14856.39,542,175,119532.55,1.49
Store A,North,Home & Lifestyle,Cookware,2025-08-26,7,17641.97,165,129,283255.99,0.75
Store D,West,Grocery,Beverages,2025-08-27,15,6782.78,859,145,66428.46,1.23
Store C,East,Electronics,Laptop,2025-08-27,14,215594.35,934,142,1663904.01,1.55
Store D,West,Grocery,Beverages,2025-08-27,10,4241.9,367,174,92041.43,0.55
Store C,East,Electronics,Smartphone,2025-08-27,10,130315.95,386,158,1744236.8,0.9
Store A,North,Home & Lifestyle,Bedsheet,2025-08-27,4,9718.52,245,115,189599.08,0.62
Store B,South,Electronics,Smartwatch,2025-08-27,5,54456.35,366,72,847414.85,0.77
Store A,North,Home & Lifestyle,Cushion,2025-08-27,11,18506.89,932,120,197061.19,1.13
Store D,West,Electronics,Tablet,2025-08-27,7,60505.57,329,64,425762.67,1.71
Store B,South,Electronics,Headphones,2025-08-28,15,123368.83,279,162,1610007.77,0.92
Store C,East,Electronics,Tablet,2025-08-28,12,316287.87,320,134,3423370.83,1.11
Store C,East,Electronics,Laptop,2025-08-29,15,170872.0,236,217,2359003.49,0.87
Store B,South,Grocery,Snacks,2025-08-29,11,5182.46,432,117,53227.08,1.17
Store A,North,Home & Lifestyle,Bedsheet,2025-08-29,4,7171.43,327,45,74958.0,1.15
Store D,West,Electronics,Smartphone,2025-08-29,13,136269.35,897,169,1323675.12,1.24
Store C,East,Grocery,Snacks,2025-08-29,10,9017.57,517,108,79509.53,1.36
Store B,South,Home & Lifestyle,Lamp,2025-08-29,9,23718.4,617,119,347395.95,0.82
Store D,West,Home & Lifestyle,Storage Box,2025-08-30,13,33997.49,713,101,211615.34,1.93
Store D,West,Home & Lifestyle,Cookware,2025-08-30,6,9886.74,133,94,130899.38,0.91
Store B,South,Grocery,Beverages,2025-08-30,3,2266.03,292,50,50249.92,0.54
Store D,West,Home & Lifestyle,Cushion,2025-08-30,1,3603.0,837,29,62501.41,0.69
Store D,West,Electronics,Smartphone,2025-08-30,12,221784.67,815,178,2155065.94,1.23
Store C,East,Electronics,Smartwatch,2025-08-30,3,63690.92,914,85,1622945.97,0.47
Store B,South,Electronics,Laptop,2025-08-30,5,115638.02,290,83,1703555.16,0.81
Store D,West,Grocery,Cooking Oil,2025-09-01,6,2430.7,409,96,48648.74,0.6
Store D,West,Grocery,Beverages,2025-09-01,13,15639.67,696,195,151141.36,1.24
Store D,West,Home & Lifestyle,Storage Box,2025-09-02,11,27875.2,388,171,304048.02,1.1
Store C,East,Grocery,Cooking Oil,2025-09-02,5,4649.12,316,119,81688.02,0.68
Store D,West,Home & Lifestyle,Bedsheet,2025-09-02,14,19156.88,689,73,89867.12,2.56
Store A,North,Home & Lifestyle,Bedsheet,2025-09-02,11,30031.14,648,123,242139.22,1.49
Store D,West,Grocery,Spices,2025-09-02,3,3394.58,772,39,43075.33,0.95
Store A,North,Grocery,Beverages,2025-09-03,10,5402.93,267,156,66345.05,0.98
Store D,West,Grocery,Cooking Oil,2025-09-03,8,8059.51,718,67,59245.51,1.63
Store C,East,Home & Lifestyle,Storage Box,2025-09-03,7,21653.26,587,104,201434.09,1.29
Store B,South,Grocery,Beverages,2025-09-03,14,16974.39,742,163,99245.04,2.05
Store D,West,Grocery,Beverages,2025-09-03,11,5614.41,232,97,47708.49,1.41
Store C,East,Home & Lifestyle,Storage Box,2025-09-03,1,1727.48,802,74,111478.85,0.19
Store A,North,Home & Lifestyle,Cookware,2025-09-03,7,9149.02,316,96,152109.87,0.72
Store C,East,Home & Lifestyle,Storage Box,2025-09-04,13,16882.9,882,177,160204.6,1.26
Store B,South,Electronics,Smartwatch,2025-09-04,5,65305.81,231,54,551084.01,1.42
Store D,West,Home & Lifestyle,Storage Box,2025-09-04,13,42327.37,901,154,266554.65,1.91
Store B,South,Grocery,Snacks,2025-09-04,6,4849.42,160,127,82982.27,0.7
Store D,West,Grocery,Rice,2025-09-04,12,8457.33,219,217,127188.84,0.8
Store D,West,Home & Lifestyle,Bedsheet,2025-09-04,1,2022.58,441,23,30111.32,0.81
Store C,East,Home & Lifestyle,Bedsheet,2025-09-04,7,19173.72,337,95,170967.36,1.35
Store B,South,Grocery,Beverages,2025-09-05,2,1364.22,731,88,31782.07,0.52
Store C,East,Grocery,Spices,2025-09-05,13,8880.61,653,136,77144.48,1.38
Store C,East,Grocery,Spices,2025-09-05,15,9416.07,213,229,119550.09,0.95
Store B,South,Home & Lifestyle,Cookware,2025-09-05,3,6429.35,204,41,71840.81,1.07
Store B,South,Grocery,Cooking Oil,2025-09-05,11,6658.88,778,84,31164.86,2.56
Store B,South,Electronics,Smartphone,2025-09-05,8,174514.84,661,79,1649777.62,1.27
Store C,East,Grocery,Rice,2025-09-05,1,1086.36,526,56,55255.92,0.24
Store C,East,Electronics,Smartwatch,2025-09-06,8,85476.7,371,108,927703.65,1.11
Store C,East,Electronics,Headphones,2025-09-06,7,131084.62,635,122,2098947.81,0.75
Store B,South,Electronics,Headphones,2025-09-06,2,18392.28,100,41,410454.21,0.54
Store B,South,Grocery,Snacks,2025-09-07,6,4787.33,827,98,66716.36,0.86
Store A,North,Grocery,Spices,2025-09-07,3,1543.15,320,35,21253.24,0.87
Store C,East,Grocery,Beverages,2025-09-07,11,4520.7,169,117,50677.23,1.07
Store D,West,Grocery,Snacks,2025-09-08,4,2854.33,808,44,17461.48,1.96
Store C,East,Electronics,Headphones,2025-09-08,15,160366.9,933,209,2138458.72,0.9
Store B,South,Home & Lifestyle,Cushion,2025-09-08,13,39635.25,835,124,251501.58,1.89
Store B,South,Grocery,Cooking Oil,2025-09-09,7,6847.83,613,80,49103.89,1.67
Store D,West,Electronics,Headphones,2025-09-09,6,62566.07,904,88,617131.91,1.22
Store A,North,Grocery,Beverages,2025-09-09,6,4810.7,780,116,94527.75,0.61
Store B,South,Electronics,Tablet,2025-09-09,3,56600.47,406,97,2096332.39,0.32
Store C,East,Home & Lifestyle,Cushion,2025-09-10,7,20327.22,524,136,271386.72,0.9
Store D,West,Grocery,Beverages,2025-09-10,7,6973.44,773,135,82827.93,1.01
Store A,North,Grocery,Rice,2025-09-11,4,2685.7,231,73,38255.29,0.84
Store A,North,Home & Lifestyle,Cookware,2025-09-11,7,20759.62,499,111,203661.92,1.22
Store A,North,Grocery,Rice,2025-09-11,11,6405.53,266,91,39003.31,1.97
Store D,West,Home & Lifestyle,Bedsheet,2025-09-12,14,45048.84,774,187,351363.25,1.54
Store B,South,Grocery,Spices,2025-09-12,6,5142.45,403,70,40078.16,1.54
Store B,South,Home & Lifestyle,Lamp,2025-09-12,6,7421.59,778,80,71529.57,1.25
Store D,West,Home & Lifestyle,Bedsheet,2025-09-12,12,19707.68,601,110,190833.51,1.24
Store A,North,Electronics,Tablet,2025-09-13,9,252748.16,934,136,2319299.34,1.31
Store B,South,Electronics,Laptop,2025-09-13,13,205150.42,943,215,3077885.45,0.8
Store C,East,Grocery,Spices,2025-09-13,13,13960.0,525,145,160653.12,1.04
Store A,North,Home & Lifestyle,Lamp,2025-09-13,1,1945.62,195,53,91278.8,0.26
Store A,North,Grocery,Rice,2025-09-13,1,845.61,794,54,28909.32,0.35
Store D,West,Electronics,Tablet,2025-09-13,12,197046.97,817,203,2135085.78,1.11
Store B,South,Electronics,Laptop,2025-09-13,2,35156.7,882,43,387107.87,1.09
Store A,North,Grocery,Snacks,2025-09-13,4,4071.89,683,72,52562.29,0.93
Store B,South,Home & Lifestyle,Cookware,2025-09-14,5,7436.51,444,73,97139.43,0.92
Store D,West,Electronics,Tablet,2025-09-14,7,144897.38,783,56,1141763.92,1.52
Store A,North,Grocery,Spices,2025-09-14,5,5948.03,903,145,96255.74,0.74
Store A,North,Home & Lifestyle,Bedsheet,2025-09-15,8,13038.06,932,108,139002.93,1.13
Store B,South,Electronics,Tablet,2025-09-15,8,159665.62,93,140,2796004.3,0.69
Store D,West,Home & Lifestyle,Lamp,2025-09-15,3,7940.61,501,88,220116.66,0.43
Store C,East,Grocery,Spices,2025-09-15,11,5522.89,770,144,61784.43,1.07
Store B,South,Electronics,Laptop,2025-09-16,2,34395.14,168,82,2003501.09,0.21
Store D,West,Home & Lifestyle,Cookware,2025-09-17,8,20724.07,252,88,249450.27,1.0
Store A,North,Home & Lifestyle,Cookware,2025-09-17,14,21079.72,89,161,218180.58,1.16
Store D,West,Electronics,Smartphone,2025-09-17,1,28589.31,922,85,1793317.78,0.19
Store B,South,Grocery,Snacks,2025-09-17,11,9961.03,748,98,75963.63,1.57
Store D,West,Electronics,Laptop,2025-09-17,6,60856.79,352,51,453339.11,1.61
Store B,South,Grocery,Snacks,2025-09-17,2,2253.36,280,37,25809.77,1.05
Store C,East,Electronics,Smartwatch,2025-09-18,4,34065.28,418,100,914600.87,0.45
Store A,North,Home & Lifestyle,Cushion,2025-09-19,10,13252.39,200,129,160940.43,0.99
Store B,South,Electronics,Laptop,2025-09-19,4,40267.5,512,81,824904.72,0.59
Store A,North,Home & Lifestyle,Cookware,2025-09-20,7,22353.56,641,64,159048.99,1.69
Store A,North,Grocery,Beverages,2025-09-21,4,3904.12,484,91,56821.56,0.82
Store C,East,Grocery,Rice,2025-09-21,8,6656.62,601,113,92174.73,0.87
Store C,East,Electronics,Laptop,2025-09-21,8,163461.48,635,73,1063750.33,1.84
Store D,West,Electronics,Laptop,2025-09-21,8,170980.92,350,161,3623756.38,0.57
Store D,West,Home & Lifestyle,Cookware,2025-09-21,13,23967.53,357,161,178218.44,1.61
Store A,North,Electronics,Tablet,2025-09-21,7,99072.85,779,128,1599029.32,0.74
Store D,West,Grocery,Beverages,2025-09-21,10,14007.42,847,172,156393.12,1.07
Store C,East,Grocery,Cooking Oil,2025-09-21,11,7996.8,100,144,107930.46,0.89
Store A,North,Grocery,Cooking Oil,2025-09-22,1,1098.85,461,77,68086.37,0.19
Store B,South,Home & Lifestyle,Cushion,2025-09-22,3,9864.89,932,38,110161.32,1.07
Store B,South,Grocery,Snacks,2025-09-22,6,4862.29,513,83,60581.31,0.96
Store C,East,Home & Lifestyle,Bedsheet,2025-09-22,14,47427.7,459,187,463658.07,1.23
Store D,West,Grocery,Spices,2025-09-23,8,7328.71,646,121,75338.99,1.17
Store C,East,Grocery,Beverages,2025-09-23,8,4375.82,813,67,30022.48,1.75
Store C,East,Electronics,Smartphone,2025-09-23,6,89320.47,626,131,1562222.61,0.69
Store A,North,Grocery,Cooking Oil,2025-09-23,3,1454.23,390,84,25802.66,0.68
Store C,East,Home & Lifestyle,Bedsheet,2025-09-23,10,13573.1,466,105,108712.12,1.5
Store D,West,Home & Lifestyle,Lamp,2025-09-24,1,1264.87,773,83,85076.07,0.18
Store C,East,Home & Lifestyle,Cushion,2025-09-24,12,27605.29,159,126,314211.64,1.05
Store A,North,Home & Lifestyle,Lamp,2025-09-25,8,31058.91,944,123,293192.32,1.27
Store D,West,Home & Lifestyle,Bedsheet,2025-09-25,9,15086.18,647,156,146588.16,1.23
Store C,East,Home & Lifestyle,Cookware,2025-09-25,1,2969.79,408,75,179556.54,0.2
Store C,East,Grocery,Rice,2025-09-25,2,1184.43,400,68,48069.25,0.3
Store C,East,Electronics,Tablet,2025-09-26,6,101709.26,147,122,2184510.42,0.56
Store A,North,Electronics,Laptop,2025-09-26,3,51268.79,296,59,1055138.98,0.58
Store D,West,Home & Lifestyle,Lamp,2025-09-26,2,4822.56,553,38,59258.98,0.98
Store D,West,Grocery,Spices,2025-09-26,11,9244.63,375,90,83515.87,1.33
Store B,South,Electronics,Smartphone,2025-09-26,6,104597.25,116,67,918501.66,1.37
Store D,West,Electronics,Tablet,2025-09-27,10,106836.5,767,147,1305845.22,0.98
Store D,West,Electronics,Smartphone,2025-09-27,13,153844.79,947,105,815764.21,2.26
Store D,West,Grocery,Rice,2025-09-28,11,5770.05,161,151,75949.13,0.91
Store C,East,Grocery,Spices,2025-09-28,5,5473.52,201,118,105305.56,0.62
Store C,East,Grocery,Beverages,2025-09-28,13,12926.88,471,226,195255.31,0.79
Store A,North,Home & Lifestyle,Bedsheet,2025-09-28,13,30723.23,279,209,360272.24,1.02
Store B,South,Electronics,Headphones,2025-09-28,3,56175.5,284,54,836247.8,0.81
Store C,East,Grocery,Cooking Oil,2025-09-28,3,1449.53,288,48,20964.45,0.83
Store C,East,Grocery,Cooking Oil,2025-09-28,2,1840.46,646,51,44262.39,0.5
Store D,West,Grocery,Spices,2025-09-29,1,750.89,207,37,17229.65,0.52
Store D,West,Grocery,Spices,2025-09-29,11,13312.8,690,76,67971.24,2.35
Store A,North,Home & Lifestyle,Lamp,2025-09-29,1,1818.74,200,78,139741.01,0.16
Store A,North,Electronics,Laptop,2025-09-29,5,51386.1,447,101,788948.63,0.78
Store B,South,Home & Lifestyle,Storage Box,2025-09-30,1,2372.24,377,41,77015.87,0.37
Store A,North,Electronics,Smartphone,2025-09-30,15,272878.25,804,116,1991448.81,1.64
Store D,West,Grocery,Beverages,2025-09-30,5,5813.18,803,111,92195.45,0.76
Store D,West,Home & Lifestyle,Cookware,2025-09-30,13,33623.04,427,145,385207.08,1.05
Store B,South,Home & Lifestyle,Cushion,2025-09-30,7,10456.92,519,74,104002.3,1.21
Store C,East,Home & Lifestyle,Cookware,2025-09-30,4,13114.13,731,46,94897.08,1.66
Store A,North,Home & Lifestyle,Bedsheet,2025-10-01,13,27003.11,326,208,376097.1,0.86
Store A,North,Electronics,Laptop,2025-10-01,13,286944.51,237,161,3662105.07,0.94
Store C,East,Electronics,Laptop,2025-10-01,9,86400.61,470,96,871778.15,1.19
Store A,North,Grocery,Rice,2025-10-01,8,8448.63,561,154,178711.25,0.57
Store A,North,Home & Lifestyle,Cushion,2025-10-02,6,8504.56,214,119,143116.11,0.71
Store C,East,Grocery,Cooking Oil,2025-10-02,3,2699.95,262,55,41053.45,0.79
Store C,East,Grocery,Spices,2025-10-03,5,4996.81,290,127,126214.95,0.48
Store C,East,Grocery,Cooking Oil,2025-10-03,10,12417.36,565,118,111403.87,1.34
Store C,East,Grocery,Spices,2025-10-03,13,6206.8,225,168,62391.15,1.19
Store A,North,Grocery,Beverages,2025-10-03,4,3064.65,259,65,50809.35,0.72
Store A,North,Electronics,Laptop,2025-10-03,8,168580.12,109,126,2254104.68,0.9
Store D,West,Grocery,Snacks,2025-10-04,12,13356.52,297,150,137636.16,1.16
Store D,West,Home & Lifestyle,Storage Box,2025-10-04,1,3129.55,684,56,144205.27,0.26
Store D,West,Electronics,Laptop,2025-10-04,10,139600.33,247,159,2004652.29,0.84
Store A,North,Electronics,Tablet,2025-10-04,9,159141.68,763,112,1367420.76,1.4
Store D,West,Grocery,Beverages,2025-10-04,1,572.85,442,86,51430.48,0.13
Store D,West,Grocery,Rice,2025-10-05,8,6326.64,737,124,56886.75,1.33
Store C,East,Home & Lifestyle,Cookware,2025-10-05,13,36493.74,885,202,384560.88,1.14
Store D,West,Home & Lifestyle,Storage Box,2025-10-05,11,23463.41,482,219,494179.99,0.57
Store B,South,Home & Lifestyle,Lamp,2025-10-05,12,37858.34,314,103,246127.6,1.85
Store C,East,Electronics,Tablet,2025-10-05,10,230245.51,661,80,1862371.07,1.48
Store B,South,Home & Lifestyle,Bedsheet,2025-10-05,9,14657.65,799,92,116331.82,1.51
Store D,West,Home & Lifestyle,Cookware,2025-10-05,4,9874.7,531,74,153276.71,0.77
Store A,North,Grocery,Cooking Oil,2025-10-06,6,3626.97,481,96,63982.52,0.68
Store D,West,Electronics,Smartphone,2025-10-06,7,151600.67,363,83,1624058.25,1.12
Store B,South,Grocery,Spices,2025-10-06,8,8551.99,903,170,147512.99,0.7
Store A,North,Electronics,Laptop,2025-10-06,1,10827.42,652,69,716075.66,0.18
Store D,West,Grocery,Cooking Oil,2025-10-07,11,11155.54,629,168,128808.98,1.04
Store D,West,Grocery,Cooking Oil,2025-10-07,13,8743.16,262,184,125383.18,0.84
Store D,West,Grocery,Cooking Oil,2025-10-07,11,6111.19,153,214,100480.27,0.73
Store D,West,Grocery,Snacks,2025-10-07,15,12864.03,853,263,108841.59,1.42
Store C,East,Grocery,Spices,2025-10-08,8,6787.75,546,144,87081.73,0.94
Store D,West,Grocery,Cooking Oil,2025-10-08,11,10918.14,83,115,116306.3,1.13
Store B,South,Home & Lifestyle,Cookware,2025-10-08,4,8472.0,769,87,182952.25,0.56
Store B,South,Grocery,Snacks,2025-10-09,4,2003.74,415,89,47395.71,0.51
Store A,North,Grocery,Beverages,2025-10-09,7,3695.34,83,156,63304.24,0.7
Store C,East,Home & Lifestyle,Bedsheet,2025-10-09,14,42741.62,600,148,468742.84,1.09
Store A,North,Home & Lifestyle,Cookware,2025-10-09,3,3827.59,150,66,93698.27,0.49
Store B,South,Home & Lifestyle,Storage Box,2025-10-09,9,18977.98,223,125,255975.33,0.89
Store D,West,Home & Lifestyle,Cookware,2025-10-09,10,25085.96,742,102,246803.77,1.22
Store D,West,Grocery,Cooking Oil,2025-10-09,15,12457.93,276,218,121471.14,1.23
Store A,North,Home & Lifestyle,Bedsheet,2025-10-10,3,4962.58,515,61,80946.03,0.74
Store D,West,Electronics,Smartwatch,2025-10-10,4,33385.5,365,114,1090606.79,0.37
Store C,East,Home & Lifestyle,Lamp,2025-10-10,15,23782.89,582,240,338661.25,0.84
Store A,North,Grocery,Beverages,2025-10-10,9,5832.61,350,183,127253.63,0.55
Store D,West,Grocery,Rice,2025-10-10,10,10592.69,706,191,144366.85,0.88
Store C,East,Electronics,Smartwatch,2025-10-10,4,65258.33,721,55,958870.06,0.82
Store C,East,Electronics,Headphones,2025-10-10,3,33271.92,543,80,489405.18,0.82
Store A,North,Grocery,Snacks,2025-10-11,12,12006.96,625,225,198383.54,0.73
Store A,North,Grocery,Beverages,2025-10-11,15,11997.11,130,185,164894.33,0.87
Store B,South,Home & Lifestyle,Cushion,2025-10-12,10,22333.13,777,194,395386.12,0.68
Store D,West,Electronics,Smartphone,2025-10-12,2,42503.85,477,96,1336815.03,0.38
Store B,South,Electronics,Headphones,2025-10-13,11,202840.66,696,124,1825188.87,1.33
Store C,East,Grocery,Cooking Oil,2025-10-14,12,7209.0,856,187,72672.16,1.19
Store C,East,Electronics,Tablet,2025-10-14,4,87737.09,351,53,839661.2,1.25
Store A,North,Grocery,Beverages,2025-10-14,13,8739.74,375,171,141210.02,0.74
Store C,East,Home & Lifestyle,Cookware,2025-10-14,3,4743.75,864,51,56989.13,1.0
Store A,North,Grocery,Snacks,2025-10-14,3,2816.13,247,85,77813.13,0.43
Store D,West,Electronics,Tablet,2025-10-15,5,82448.14,631,70,1090330.3,0.91
Store D,West,Grocery,Snacks,2025-10-15,9,9002.93,307,129,101166.75,1.07
Store A,North,Grocery,Beverages,2025-10-15,2,1482.93,293,78,54295.99,0.33
Store C,East,Grocery,Cooking Oil,2025-10-16,4,4147.63,381,126,149293.97,0.33
Store A,North,Home & Lifestyle,Storage Box,2025-10-16,2,3110.43,158,42,85225.52,0.44
Store B,South,Grocery,Snacks,2025-10-16,7,5385.8,932,104,81714.24,0.79
Store B,South,Electronics,Tablet,2025-10-16,10,98165.86,408,159,949549.58,1.24
Store C,East,Grocery,Rice,2025-10-17,7,8669.56,556,155,184786.29,0.56
Store A,North,Electronics,Tablet,2025-10-17,12,229856.41,111,160,3108920.15,0.89
Store A,North,Grocery,Cooking Oil,2025-10-17,3,4463.88,867,77,82199.52,0.65
Store B,South,Electronics,Headphones,2025-10-17,8,117645.86,614,164,1901415.92,0.74
Store C,East,Home & Lifestyle,Cookware,2025-10-17,10,25515.31,931,133,210929.23,1.45
Store C,East,Home & Lifestyle,Lamp,2025-10-17,13,33659.21,597,134,328423.02,1.23
Store A,North,Electronics,Headphones,2025-10-17,12,171704.45,182,117,1564575.58,1.32
Store D,West,Home & Lifestyle,Cushion,2025-10-17,3,7073.34,230,48,103818.08,0.82
Store A,North,Electronics,Headphones,2025-10-18,6,67513.12,663,86,1003574.65,0.81
Store C,East,Electronics,Headphones,2025-10-18,15,297339.7,757,246,3577826.16,1.0
Store A,North,Grocery,Snacks,2025-10-18,8,8043.3,150,140,140413.86,0.69
Store C,East,Grocery,Beverages,2025-10-18,12,12130.22,226,77,57435.2,2.53
Store C,East,Grocery,Snacks,2025-10-19,4,4720.47,890,117,118529.71,0.48
Store A,North,Grocery,Rice,2025-10-19,1,908.2,243,77,84415.84,0.13
Store D,West,Electronics,Headphones,2025-10-19,5,66596.05,455,57,740849.25,1.08
Store D,West,Grocery,Cooking Oil,2025-10-19,15,14593.12,630,162,158833.28,1.1
Store C,East,Electronics,Smartphone,2025-10-19,9,99990.69,83,160,1347800.99,0.89
Store B,South,Home & Lifestyle,Cookware,2025-10-19,11,27250.59,883,162,307241.47,1.06
Store B,South,Electronics,Smartphone,2025-10-20,2,24204.83,720,48,627583.27,0.46
Store C,East,Home & Lifestyle,Cushion,2025-10-20,3,5657.78,663,47,79112.88,0.86
Store C,East,Electronics,Tablet,2025-10-20,4,46290.26,818,47,459310.34,1.21
Store B,South,Home & Lifestyle,Cushion,2025-10-20,7,22539.0,837,160,323856.68,0.84
Store B,South,Electronics,Headphones,2025-10-21,4,74732.38,553,39,510061.61,1.76
Store B,South,Grocery,Snacks,2025-10-21,3,1805.45,245,87,43387.07,0.5
Store A,North,Grocery,Beverages,2025-10-21,15,21424.43,777,147,147278.2,1.75
Store B,South,Electronics,Smartphone,2025-10-21,7,169472.4,700,120,2716248.52,0.75
Store D,West,Grocery,Spices,2025-10-22,4,1405.15,295,97,28125.62,0.6
Store C,East,Grocery,Rice,2025-10-22,8,6198.04,540,173,117341.51,0.63
Store A,North,Electronics,Laptop,2025-10-22,1,15440.9,271,76,1239549.78,0.15
Store D,West,Home & Lifestyle,Cushion,2025-10-22,5,13443.73,736,59,155287.54,1.04
Store B,South,Electronics,Smartwatch,2025-10-22,12,231016.88,219,200,3837878.08,0.72
Store D,West,Grocery,Cooking Oil,2025-10-22,9,6477.15,769,122,62928.58,1.24
Store C,East,Home & Lifestyle,Storage Box,2025-10-22,9,13832.66,436,198,228063.26,0.73
Store D,West,Electronics,Smartphone,2025-10-22,2,36718.48,229,31,422028.7,1.04
Store C,East,Grocery,Spices,2025-10-23,14,13895.26,241,155,115859.0,1.44
Store C,East,Grocery,Cooking Oil,2025-10-23,9,7705.28,96,87,91984.4,1.01
Store D,West,Grocery,Cooking Oil,2025-10-23,12,11303.15,807,148,135302.37,1.0
Store A,North,Electronics,Laptop,2025-10-23,15,326207.05,539,192,2431196.34,1.61
Store B,South,Home & Lifestyle,Bedsheet,2025-10-23,5,13266.74,558,63,158396.96,1.01
Store B,South,Electronics,Smartphone,2025-10-25,15,219102.21,511,141,1777258.03,1.48
Store A,North,Electronics,Laptop,2025-10-25,2,41787.02,188,36,799529.67,0.63
Store A,North,Electronics,Smartphone,2025-10-25,9,170629.59,737,164,2116882.64,0.97
Store B,South,Grocery,Beverages,2025-10-26,2,1264.06,647,48,23138.62,0.66
Store D,West,Home & Lifestyle,Cookware,2025-10-26,2,5883.65,467,50,106894.88,0.66
Store A,North,Electronics,Headphones,2025-10-26,14,337370.11,883,186,2238779.96,1.81
Store B,South,Electronics,Headphones,2025-10-26,2,21846.2,128,59,510479.45,0.51
Store C,East,Home & Lifestyle,Storage Box,2025-10-27,10,29608.44,193,93,234876.97,1.51
Store A,North,Electronics,Laptop,2025-10-28,4,53160.25,248,107,1370949.63,0.47
Store D,West,Electronics,Headphones,2025-10-28,2,41132.19,519,92,1279245.13,0.39
Store C,East,Home & Lifestyle,Cushion,2025-10-29,11,23934.6,134,81,137314.07,2.09
Store A,North,Grocery,Beverages,2025-10-29,3,1573.0,289,72,26671.17,0.71
Store B,South,Electronics,Smartwatch,2025-10-29,14,141005.71,358,170,1156094.65,1.46
Store D,West,Electronics,Smartphone,2025-10-29,15,125443.53,377,143,1381416.97,1.09
Store D,West,Grocery,Cooking Oil,2025-10-30,11,4409.24,428,59,29100.36,1.82
Store D,West,Home & Lifestyle,Bedsheet,2025-10-30,13,21857.61,255,123,232393.58,1.13
Store D,West,Grocery,Spices,2025-10-30,5,2747.84,525,102,53496.71,0.62
Store A,North,Electronics,Tablet,2025-10-30,2,32622.41,701,41,427420.28,0.92
Store B,South,Electronics,Smartphone,2025-10-30,5,83656.63,111,37,806031.09,1.25
Store D,West,Electronics,Smartwatch,2025-10-30,1,15409.11,575,39,416734.56,0.44
Store C,East,Grocery,Snacks,2025-10-31,5,3348.93,261,97,52355.32,0.77
Store B,South,Home & Lifestyle,Storage Box,2025-10-31,14,23164.09,557,139,260446.75,1.07
Store C,East,Grocery,Beverages,2025-10-31,7,6252.87,654,98,82817.73,0.91
Store A,North,Electronics,Smartphone,2025-10-31,9,172468.25,639,119,1592455.6,1.3
Store D,West,Grocery,Snacks,2025-11-01,8,10874.46,736,134,137055.53,0.95
Store D,West,Electronics,Smartphone,2025-11-01,6,103218.08,750,109,1373379.23,0.9
Store B,South,Home & Lifestyle,Cookware,2025-11-01,1,2478.67,379,27,60243.45,0.49
Store C,East,Home & Lifestyle,Cookware,2025-11-02,10,28748.18,767,183,485018.87,0.71
Store D,West,Home & Lifestyle,Cookware,2025-11-02,10,30247.26,503,78,178264.76,2.04
Store C,East,Electronics,Laptop,2025-11-03,4,60232.62,748,99,1446361.5,0.5
Store D,West,Grocery,Rice,2025-11-03,6,7241.1,421,134,118948.56,0.73
Store D,West,Electronics,Smartphone,2025-11-04,7,93569.8,559,122,1479745.04,0.76
Store B,South,Home & Lifestyle,Cookware,2025-11-04,10,28717.15,854,130,182493.49,1.89
Store D,West,Grocery,Beverages,2025-11-04,9,6297.28,720,135,63003.25,1.2
Store D,West,Grocery,Rice,2025-11-04,14,6222.0,220,199,90558.28,0.82
Store C,East,Electronics,Laptop,2025-11-05,12,267874.03,660,177,3706389.08,0.87
Store B,South,Grocery,Spices,2025-11-05,11,10455.45,710,183,121792.03,1.03
Store B,South,Home & Lifestyle,Lamp,2025-11-05,14,36628.5,436,185,503332.02,0.87
Store B,South,Electronics,Laptop,2025-11-05,4,45587.68,155,79,1024482.45,0.53
Store D,West,Grocery,Spices,2025-11-06,15,11765.92,422,156,90530.33,1.56
Store A,North,Electronics,Smartwatch,2025-11-06,2,30145.17,355,35,529647.23,0.68
Store B,South,Electronics,Tablet,2025-11-06,5,117923.52,440,84,2056314.36,0.69
Store B,South,Electronics,Tablet,2025-11-06,9,253556.92,924,130,2833245.18,1.07
Store D,West,Grocery,Cooking Oil,2025-11-06,2,2602.32,598,53,57022.51,0.55
Store D,West,Grocery,Spices,2025-11-06,7,2820.4,129,80,30137.0,1.12
Store A,North,Electronics,Tablet,2025-11-06,4,46890.5,352,86,795256.43,0.71
Store D,West,Home & Lifestyle,Lamp,2025-11-07,4,11061.14,121,95,268264.92,0.49
Store D,West,Home & Lifestyle,Storage Box,2025-11-07,6,12791.45,311,52,133606.53,1.15
Store C,East,Electronics,Headphones,2025-11-07,3,64846.75,481,94,2142072.08,0.36
Store A,North,Electronics,Smartphone,2025-11-08,1,12304.37,447,48,540514.66,0.27
Store B,South,Grocery,Cooking Oil,2025-11-08,6,3775.17,363,110,79417.81,0.57
Store B,South,Home & Lifestyle,Storage Box,2025-11-08,14,35158.81,625,172,410215.28,1.03
Store C,East,Electronics,Headphones,2025-11-08,12,178801.06,256,82,1126088.89,1.91
Store B,South,Electronics,Headphones,2025-11-09,8,133442.24,350,165,2475389.59,0.65
Store C,East,Grocery,Beverages,2025-11-09,6,2536.52,212,68,27061.76,1.12
Store D,West,Electronics,Smartwatch,2025-11-09,8,106004.92,244,109,1139524.83,1.12
Store D,West,Home & Lifestyle,Lamp,2025-11-09,10,32463.49,169,66,133182.15,2.93
Store B,South,Electronics,Laptop,2025-11-09,5,101702.67,543,127,2369154.68,0.52
Store B,South,Grocery,Snacks,2025-11-09,10,8258.61,169,77,71214.24,1.39
Store A,North,Home & Lifestyle,Cookware,2025-11-09,11,18818.46,860,94,119249.14,1.89
Store B,South,Grocery,Snacks,2025-11-09,14,7711.87,680,76,34206.52,2.71
Store C,East,Grocery,Cooking Oil,2025-11-09,15,11327.12,718,133,63088.36,2.15
Store A,North,Grocery,Cooking Oil,2025-11-09,6,2938.52,937,99,33930.37,1.04
Store A,North,Electronics,Smartwatch,2025-11-09,14,231794.45,349,162,2433914.98,1.14
Store D,West,Home & Lifestyle,Lamp,2025-11-09,1,2168.5,360,51,94931.88,0.27
Store B,South,Home & Lifestyle,Cushion,2025-11-10,10,14937.26,125,142,210164.22,0.85
Store C,East,Home & Lifestyle,Storage Box,2025-11-10,1,1722.46,517,34,44024.45,0.47
Store C,East,Grocery,Snacks,2025-11-10,5,4104.09,423,85,66112.26,0.74
Store A,North,Home & Lifestyle,Cushion,2025-11-10,13,41422.13,912,145,333587.98,1.49
Store A,North,Electronics,Headphones,2025-11-10,11,144730.99,640,164,2039884.92,0.85
Store B,South,Grocery,Snacks,2025-11-10,11,5771.71,488,223,102628.66,0.67
Store B,South,Home & Lifestyle,Cookware,2025-11-10,12,21320.29,211,215,276307.19,0.93
Store B,South,Electronics,Laptop,2025-11-11,15,178158.44,688,179,1364336.12,1.57
Store A,North,Home & Lifestyle,Storage Box,2025-11-11,9,16167.74,552,114,142208.84,1.36
Store B,South,Grocery,Rice,2025-11-11,9,8359.47,208,74,48885.37,2.05
Store D,West,Electronics,Laptop,2025-11-11,13,238062.1,684,171,1583037.35,1.8
Store D,West,Electronics,Headphones,2025-11-11,15,419153.34,582,189,4443572.45,1.13
Store C,East,Electronics,Smartphone,2025-11-12,6,52987.47,80,106,1302309.5,0.49
Store A,North,Grocery,Beverages,2025-11-12,3,3556.33,785,95,70019.68,0.61
Store B,South,Electronics,Smartphone,2025-11-12,14,294887.02,695,177,3825839.73,0.92
Store C,East,Electronics,Laptop,2025-11-13,5,83909.71,566,134,2179076.88,0.46
Store C,East,Home & Lifestyle,Cookware,2025-11-13,4,11614.33,609,103,170505.88,0.82
Store A,North,Electronics,Tablet,2025-11-13,3,55732.05,938,85,1043796.85,0.64
Store D,West,Home & Lifestyle,Cushion,2025-11-13,13,18620.36,526,129,130365.5,1.71
Store D,West,Electronics,Headphones,2025-11-14,6,50510.2,435,130,794859.94,0.76
Store D,West,Grocery,Snacks,2025-11-14,12,5689.3,361,113,44666.44,1.53
Store C,East,Grocery,Snacks,2025-11-14,12,10508.01,916,132,93685.53,1.35
Store B,South,Grocery,Rice,2025-11-14,12,13741.01,933,116,84935.26,1.94
Store C,East,Home & Lifestyle,Lamp,2025-11-14,3,9091.49,942,45,107814.39,1.01
Store A,North,Home & Lifestyle,Storage Box,2025-11-14,12,29498.73,831,174,310956.57,1.14
Store C,East,Grocery,Rice,2025-11-14,1,509.05,338,73,50616.16,0.12
Store C,East,Grocery,Beverages,2025-11-14,9,10211.85,373,199,184775.26,0.66
Store A,North,Grocery,Cooking Oil,2025-11-14,11,7058.93,521,60,28486.48,2.97
Store C,East,Electronics,Smartwatch,2025-11-15,10,88904.83,96,185,1614012.26,0.66
Store B,South,Home & Lifestyle,Bedsheet,2025-11-15,4,10020.44,240,84,211077.73,0.57
Store B,South,Home & Lifestyle,Storage Box,2025-11-15,12,18328.06,887,166,152585.11,1.44
Store A,North,Grocery,Cooking Oil,2025-11-15,12,6731.93,489,151,67488.5,1.2
Store C,East,Electronics,Tablet,2025-11-16,15,193481.2,702,128,1014558.14,2.29
Store A,North,Electronics,Smartphone,2025-11-16,8,140799.86,205,128,2909160.88,0.58
Store D,West,Electronics,Smartphone,2025-11-16,3,37647.65,236,101,1460867.0,0.31
Store A,North,Electronics,Headphones,2025-11-16,2,21967.18,508,52,491153.24,0.54
Store C,East,Electronics,Tablet,2025-11-16,14,262350.56,298,238,3874267.04,0.81
Store C,East,Home & Lifestyle,Cushion,2025-11-16,15,34901.05,263,226,460602.5,0.91
Store A,North,Home & Lifestyle,Cookware,2025-11-17,7,22401.37,268,111,318451.84,0.84
Store D,West,Home & Lifestyle,Lamp,2025-11-17,11,34225.26,780,110,202996.82,2.02
Store A,North,Home & Lifestyle,Bedsheet,2025-11-17,4,12220.05,649,120,309897.03,0.47
Store B,South,Electronics,Headphones,2025-11-17,4,85241.18,814,41,616415.75,1.66
Store B,South,Electronics,Laptop,2025-11-17,15,115095.95,452,156,1322816.2,1.04
Store C,East,Grocery,Rice,2025-11-17,7,5489.43,440,106,92322.81,0.71
Store B,South,Electronics,Smartphone,2025-11-17,13,176666.63,258,218,2803489.51,0.76
Store B,South,Home & Lifestyle,Bedsheet,2025-11-17,15,46784.39,564,153,338501.84,1.66
Store B,South,Home & Lifestyle,Lamp,2025-11-18,2,4303.52,457,52,133419.23,0.39
Store D,West,Grocery,Snacks,2025-11-18,3,4471.12,777,63,54756.92,0.98
Store C,East,Grocery,Beverages,2025-11-18,12,9312.89,588,182,72877.24,1.53
Store C,East,Electronics,Smartwatch,2025-11-18,11,253605.49,926,132,2699353.37,1.13
Store D,West,Electronics,Headphones,2025-11-18,10,139274.59,180,107,1549706.1,1.08
Store A,North,Home & Lifestyle,Bedsheet,2025-11-18,6,12374.01,160,127,347641.4,0.43
Store D,West,Grocery,Cooking Oil,2025-11-18,9,10579.58,452,152,123864.08,1.02
Store A,North,Grocery,Spices,2025-11-19,9,12063.14,772,190,201720.41,0.72
Store A,North,Grocery,Spices,2025-11-19,3,2984.42,830,95,68877.88,0.52
Store C,East,Grocery,Rice,2025-11-19,11,8986.36,867,121,60415.52,1.78
Store A,North,Home & Lifestyle,Bedsheet,2025-11-19,1,2797.2,184,79,188855.31,0.18
Store C,East,Electronics,Smartwatch,2025-11-19,4,57888.95,216,115,1480521.27,0.47
Store C,East,Home & Lifestyle,Bedsheet,2025-11-19,10,39732.29,632,137,337612.9,1.41
Store A,North,Electronics,Laptop,2025-11-20,8,134762.42,878,131,1626213.63,0.99
Store D,West,Grocery,Cooking Oil,2025-11-20,15,10137.54,700,183,111400.47,1.09
Store A,North,Grocery,Beverages,2025-11-20,11,6922.19,180,69,50413.84,1.65
Store C,East,Home & Lifestyle,Bedsheet,2025-11-20,2,3017.05,205,101,142780.81,0.25
Store C,East,Electronics,Smartwatch,2025-11-21,13,356237.27,893,148,3626504.04,1.18
Store D,West,Home & Lifestyle,Bedsheet,2025-11-21,1,1790.37,645,48,78702.22,0.27
Store C,East,Grocery,Spices,2025-11-21,9,11869.42,695,151,114133.76,1.25
Store B,South,Home & Lifestyle,Storage Box,2025-11-21,14,21360.26,233,204,242537.01,1.06
Store C,East,Home & Lifestyle,Storage Box,2025-11-21,4,7634.67,271,42,78392.82,1.17
Store A,North,Grocery,Beverages,2025-11-22,15,10462.74,92,241,234170.1,0.54
Store D,West,Grocery,Beverages,2025-11-22,5,3661.93,285,142,78302.19,0.56
Store D,West,Home & Lifestyle,Cushion,2025-11-22,7,22916.82,484,105,343504.63,0.8
Store D,West,Grocery,Spices,2025-11-22,13,9342.74,466,199,153097.96,0.73
Store A,North,Grocery,Rice,2025-11-23,11,8884.68,346,136,81526.98,1.31
Store C,East,Electronics,Laptop,2025-11-23,5,76851.46,366,89,1086814.46,0.85
Store C,East,Grocery,Snacks,2025-11-23,2,1317.1,497,74,29175.28,0.54
Store C,East,Home & Lifestyle,Storage Box,2025-11-23,6,8347.83,678,65,65633.81,1.53
Store D,West,Electronics,Tablet,2025-11-23,11,214149.95,208,163,2844302.54,0.9
Store D,West,Electronics,Headphones,2025-11-24,12,120798.45,270,107,861542.66,1.68
Store C,East,Grocery,Cooking Oil,2025-11-24,3,2346.08,835,75,39035.75,0.72
Store B,South,Grocery,Rice,2025-11-24,14,10291.79,553,235,117343.69,1.05
Store A,North,Grocery,Beverages,2025-11-24,15,7138.28,515,227,103773.22,0.83
Store A,North,Grocery,Rice,2025-11-24,2,1256.95,413,81,32346.61,0.47
Store B,South,Home & Lifestyle,Storage Box,2025-11-25,6,12852.22,742,85,105523.26,1.46
Store C,East,Grocery,Beverages,2025-11-25,8,8381.67,679,105,73413.07,1.37
Store B,South,Electronics,Smartphone,2025-11-26,9,162370.06,90,135,2920343.57,0.67
Store D,West,Electronics,Smartphone,2025-11-26,6,92652.76,98,46,890063.13,1.25
Store A,North,Grocery,Cooking Oil,2025-11-27,7,4080.3,933,79,47552.03,1.03
Store C,East,Electronics,Headphones,2025-11-27,14,371956.9,805,222,3682847.26,1.21
Store A,North,Grocery,Beverages,2025-11-27,5,3217.37,699,47,27229.16,1.42
Store B,South,Grocery,Spices,2025-11-27,11,10222.75,471,169,114122.47,1.07
Store A,North,Electronics,Headphones,2025-11-27,1,10560.72,184,68,643999.45,0.2
Store B,South,Grocery,Spices,2025-11-27,13,5352.9,448,122,43079.08,1.49
Store A,North,Grocery,Beverages,2025-11-27,10,8429.2,667,139,87730.64,1.15
Store D,West,Electronics,Headphones,2025-11-28,12,276272.91,504,135,2832092.68,1.17
Store A,North,Grocery,Beverages,2025-11-28,1,1219.12,506,70,59185.08,0.25
Store B,South,Electronics,Smartphone,2025-11-28,6,132136.87,768,130,2263080.95,0.7
Store B,South,Electronics,Tablet,2025-11-28,14,251025.82,124,101,1953344.58,1.54
Store A,North,Home & Lifestyle,Storage Box,2025-11-29,10,13308.43,600,187,250182.12,0.64
Store A,North,Electronics,Smartphone,2025-11-29,9,164742.06,217,91,1800568.82,1.1
Store B,South,Home & Lifestyle,Cookware,2025-11-29,11,40645.5,789,72,174682.36,2.79
Store B,South,Electronics,Headphones,2025-11-29,2,33934.54,615,59,723252.33,0.56
Store D,West,Home & Lifestyle,Storage Box,2025-11-30,12,31912.94,860,168,350866.02,1.09
Store C,East,Electronics,Laptop,2025-12-01,10,127126.86,942,150,1461678.36,1.04
Store D,West,Grocery,Beverages,2025-12-01,7,4241.52,388,50,24134.51,2.11
Store D,West,Grocery,Cooking Oil,2025-12-01,15,9411.64,895,133,60093.55,1.88
Store B,South,Grocery,Rice,2025-12-01,12,7472.2,674,221,139779.78,0.64
Store B,South,Electronics,Headphones,2025-12-02,14,134252.63,561,146,1441555.55,1.12
Store C,East,Home & Lifestyle,Bedsheet,2025-12-02,10,27479.63,582,114,312620.64,1.05
Store B,South,Home & Lifestyle,Cushion,2025-12-02,3,5002.58,121,78,160717.58,0.37
Store C,East,Electronics,Smartphone,2025-12-02,9,206080.45,871,136,2248081.67,1.1
Store C,East,Home & Lifestyle,Cookware,2025-12-02,10,11486.56,223,105,105160.28,1.31
Store C,East,Home & Lifestyle,Cookware,2025-12-03,12,28433.28,598,84,121442.08,2.81
Store A,North,Home & Lifestyle,Lamp,2025-12-03,2,2996.55,128,74,97973.16,0.37
Store C,East,Home & Lifestyle,Storage Box,2025-12-03,8,13489.72,899,108,136331.59,1.19
Store D,West,Grocery,Snacks,2025-12-03,9,6213.0,397,130,71954.8,1.04
Store D,West,Electronics,Tablet,2025-12-03,15,196342.62,471,244,2858391.48,0.82
Store D,West,Home & Lifestyle,Storage Box,2025-12-03,9,24555.15,558,127,242231.42,1.22
Store B,South,Electronics,Smartphone,2025-12-03,15,272475.64,408,166,2135416.0,1.53
Store C,East,Electronics,Smartwatch,2025-12-03,6,130525.8,529,123,2042344.8,0.77
Store A,North,Grocery,Rice,2025-12-03,8,4807.84,642,117,72880.32,0.79
Store A,North,Grocery,Beverages,2025-12-04,3,1277.32,347,59,25134.05,0.61
Store B,South,Grocery,Snacks,2025-12-04,14,11329.75,199,129,105652.58,1.29
Store C,East,Grocery,Cooking Oil,2025-12-04,11,8896.35,491,64,42602.81,2.51
Store D,West,Grocery,Spices,2025-12-04,13,6532.31,315,151,72059.61,1.09
Store C,East,Electronics,Smartphone,2025-12-04,2,43679.6,700,68,1217390.04,0.43
Store B,South,Grocery,Rice,2025-12-04,12,9236.93,99,196,190827.89,0.58
Store A,North,Grocery,Snacks,2025-12-04,9,3810.89,294,113,34442.94,1.33
Store A,North,Grocery,Snacks,2025-12-05,11,11714.73,947,129,119813.44,1.17
Store B,South,Electronics,Smartwatch,2025-12-05,10,170318.36,640,127,1350140.91,1.51
Store C,East,Grocery,Rice,2025-12-05,7,6381.02,345,98,88683.9,0.86
Store B,South,Grocery,Snacks,2025-12-05,4,3569.8,97,108,78756.63,0.54
Store D,West,Electronics,Tablet,2025-12-05,14,204125.58,647,144,1343608.67,1.82
Store B,South,Home & Lifestyle,Cookware,2025-12-05,11,26445.12,904,132,224745.63,1.41
Store B,South,Grocery,Spices,2025-12-05,1,869.19,851,67,56176.36,0.19
Store D,West,Home & Lifestyle,Storage Box,2025-12-05,7,21278.16,450,115,318452.66,0.8
Store A,North,Electronics,Smartwatch,2025-12-06,12,236037.02,141,116,2399462.58,1.18
Store D,West,Grocery,Beverages,2025-12-06,12,10271.36,386,125,110888.52,1.11
Store A,North,Grocery,Rice,2025-12-06,9,3903.23,417,135,58305.55,0.8
Store B,South,Home & Lifestyle,Lamp,2025-12-06,4,7388.26,863,66,76631.8,1.16
Store C,East,Electronics,Smartphone,2025-12-06,10,214899.85,778,160,3021832.62,0.85
Store B,South,Home & Lifestyle,Lamp,2025-12-06,13,36735.55,947,145,314169.48,1.4
Store A,North,Electronics,Headphones,2025-12-07,1,14115.33,308,51,596952.39,0.28
Store B,South,Home & Lifestyle,Bedsheet,2025-12-07,14,26569.47,945,187,192763.96,1.65
Store D,West,Electronics,Headphones,2025-12-07,5,54363.73,345,133,1044705.48,0.62
Store A,North,Electronics,Smartwatch,2025-12-07,7,63215.21,149,159,1230680.76,0.62
Store A,North,Home & Lifestyle,Cookware,2025-12-08,15,21003.57,180,171,151119.16,1.67
Store C,East,Grocery,Snacks,2025-12-08,10,10922.35,759,219,176181.66,0.74
Store D,West,Home & Lifestyle,Cookware,2025-12-09,5,15208.33,157,109,234148.9,0.78
Store C,East,Electronics,Smartphone,2025-12-09,14,179422.86,945,189,1224648.19,1.76
Store D,West,Grocery,Beverages,2025-12-09,13,10193.29,214,217,174232.98,0.7
Store B,South,Electronics,Headphones,2025-12-09,2,27523.76,577,80,804685.15,0.41
Store C,East,Grocery,Rice,2025-12-09,15,14631.16,235,184,120180.3,1.46
Store A,North,Grocery,Beverages,2025-12-09,8,4425.69,508,153,58042.74,0.91
Store C,East,Home & Lifestyle,Cushion,2025-12-09,13,18085.67,209,221,379507.74,0.57
Store A,North,Home & Lifestyle,Storage Box,2025-12-10,4,12438.5,887,39,60191.95,2.48
Store A,North,Grocery,Spices,2025-12-10,3,1849.49,273,38,19114.17,1.16
Store A,North,Home & Lifestyle,Cookware,2025-12-10,13,18583.47,714,198,220863.07,1.01
Store C,East,Electronics,Laptop,2025-12-11,1,11363.51,469,85,883030.38,0.15
Store C,East,Grocery,Snacks,2025-12-11,2,1212.98,746,45,16414.63,0.89
Store B,South,Electronics,Smartwatch,2025-12-11,5,47357.62,447,113,709514.49,0.8
Store D,West,Home & Lifestyle,Storage Box,2025-12-11,11,22021.02,594,104,155870.72,1.7
Store A,North,Home & Lifestyle,Bedsheet,2025-12-11,13,24959.15,130,129,277280.05,1.08
Store A,North,Electronics,Laptop,2025-12-12,1,22222.2,614,45,784934.84,0.34
Store D,West,Grocery,Cooking Oil,2025-12-12,2,1570.72,101,54,32113.02,0.59
Store C,East,Electronics,Smartwatch,2025-12-12,9,190590.17,130,134,2842734.07,0.8
Store B,South,Home & Lifestyle,Storage Box,2025-12-12,8,30131.38,548,138,361860.25,1.0
Store C,East,Grocery,Spices,2025-12-12,3,2380.69,172,86,67681.29,0.42
Store A,North,Grocery,Snacks,2025-12-13,14,9450.15,825,147,73548.21,1.54
Store C,East,Grocery,Spices,2025-12-13,9,9341.51,776,126,62814.0,1.78
Store A,North,Grocery,Spices,2025-12-14,5,3334.46,882,121,59846.63,0.67
Store B,South,Electronics,Tablet,2025-12-14,13,191595.03,520,124,1727448.33,1.33
Store A,North,Home & Lifestyle,Cushion,2025-12-14,8,13495.88,864,163,198572.06,0.82
Store C,East,Grocery,Rice,2025-12-15,1,964.72,95,70,62940.65,0.18
Store C,East,Electronics,Tablet,2025-12-15,1,12743.86,148,35,594903.74,0.26
Store A,North,Grocery,Snacks,2025-12-15,3,2572.87,106,87,94069.38,0.33
Store C,East,Grocery,Rice,2025-12-15,6,5395.53,540,132,128546.78,0.5
Store C,East,Home & Lifestyle,Cushion,2025-12-15,10,24206.15,462,98,197907.27,1.47
Store C,East,Grocery,Snacks,2025-12-16,1,887.51,792,44,28888.6,0.37
Store C,East,Grocery,Rice,2025-12-16,10,12569.19,720,188,199900.13,0.75
Store C,East,Electronics,Tablet,2025-12-17,13,115577.3,374,151,1183982.81,1.17
Store B,South,Home & Lifestyle,Cushion,2025-12-17,10,24081.92,573,148,224023.38,1.29
Store B,South,Home & Lifestyle,Bedsheet,2025-12-17,9,19983.49,558,158,292018.56,0.82
Store B,South,Electronics,Laptop,2025-12-17,6,52025.02,162,92,705090.56,0.89
Store D,West,Electronics,Headphones,2025-12-18,13,199221.31,121,80,954868.75,2.5
Store B,South,Home & Lifestyle,Storage Box,2025-12-18,6,9015.33,354,73,93437.7,1.16
Store A,North,Grocery,Spices,2025-12-18,8,8204.92,789,115,112618.78,0.87
Store D,West,Electronics,Headphones,2025-12-18,7,115034.92,791,91,873269.14,1.58
Store B,South,Home & Lifestyle,Lamp,2025-12-18,2,4845.14,608,89,149010.75,0.39
Store D,West,Grocery,Beverages,2025-12-18,10,10151.66,595,138,131068.17,0.93
Store B,South,Grocery,Snacks,2025-12-19,3,1911.34,321,77,36826.49,0.62
Store C,East,Grocery,Snacks,2025-12-20,14,11342.34,413,172,108196.19,1.26
Store D,West,Home & Lifestyle,Cookware,2025-12-20,13,18624.38,189,131,119638.54,1.87
Store A,North,Grocery,Beverages,2025-12-20,10,6222.01,105,153,114142.21,0.65
Store D,West,Home & Lifestyle,Cookware,2025-12-20,13,38391.56,665,196,381934.46,1.21
Store B,South,Home & Lifestyle,Lamp,2025-12-20,2,3557.45,364,65,101200.78,0.42
Store C,East,Grocery,Rice,2025-12-21,13,6665.31,138,119,64564.98,1.24
Store A,North,Grocery,Beverages,2025-12-21,3,1305.78,167,69,31199.66,0.5
Store A,North,Grocery,Cooking Oil,2025-12-21,10,7046.09,766,103,52201.9,1.62
Store C,East,Electronics,Smartwatch,2025-12-21,5,70864.98,276,68,662259.94,1.28
Store C,East,Grocery,Beverages,2025-12-21,9,10108.91,365,127,112836.85,1.08
Store B,South,Grocery,Cooking Oil,2025-12-21,5,3394.18,634,83,34729.88,1.17
Store B,South,Grocery,Snacks,2025-12-22,13,4397.15,426,215,76012.23,0.69
Store B,South,Electronics,Smartphone,2025-12-22,14,275424.75,412,138,1953890.76,1.69
Store B,South,Grocery,Cooking Oil,2025-12-22,15,10739.24,443,213,144576.17,0.89
Store A,North,Electronics,Headphones,2025-12-22,1,13053.79,732,75,827271.33,0.19
Store A,North,Electronics,Smartphone,2025-12-22,11,153252.84,567,133,1233208.53,1.49
Store B,South,Home & Lifestyle,Cookware,2025-12-23,9,9450.68,93,104,107841.31,1.05
Store B,South,Grocery,Snacks,2025-12-23,6,3832.5,688,130,70169.0,0.66
Store B,South,Grocery,Snacks,2025-12-23,14,11258.06,525,190,108223.05,1.25
Store A,North,Grocery,Beverages,2025-12-23,7,4471.01,689,97,41597.85,1.29
Store A,North,Electronics,Tablet,2025-12-23,7,95087.89,350,103,920685.8,1.24
Store D,West,Home & Lifestyle,Lamp,2025-12-23,7,10339.9,499,67,66802.86,1.86
Store B,South,Grocery,Rice,2025-12-24,15,17935.61,811,246,178123.71,1.21
Store A,North,Electronics,Smartphone,2025-12-24,6,68712.99,209,105,907790.07,0.91
Store D,West,Home & Lifestyle,Cookware,2025-12-24,7,23741.12,661,122,235967.84,1.21
Store A,North,Home & Lifestyle,Storage Box,2025-12-24,13,15654.16,325,121,155126.33,1.21
Store C,East,Electronics,Smartwatch,2025-12-24,8,138483.97,285,143,2250836.51,0.74
Store D,West,Grocery,Spices,2025-12-24,14,15963.99,838,206,168104.82,1.14
Store A,North,Electronics,Laptop,2025-12-25,5,98234.85,303,91,1983828.4,0.59
Store A,North,Electronics,Smartwatch,2025-12-25,1,24922.24,176,53,1060128.65,0.28
Store D,West,Grocery,Beverages,2025-12-26,14,5784.13,308,106,49189.33,1.41
Store D,West,Home & Lifestyle,Storage Box,2025-12-26,7,17465.94,475,116,269305.68,0.78
Store D,West,Electronics,Smartphone,2025-12-26,13,246158.81,587,203,3232367.46,0.91
Store B,South,Electronics,Laptop,2025-12-26,10,169387.58,187,167,2919689.41,0.7
Store C,East,Electronics,Tablet,2025-12-27,10,120795.96,591,170,1674159.58,0.87
Store B,South,Grocery,Cooking Oil,2025-12-27,12,9338.75,375,170,98738.14,1.13
Store A,North,Electronics,Headphones,2025-12-27,8,107873.77,928,185,2334551.62,0.55
Store B,South,Grocery,Rice,2025-12-27,15,6229.13,447,180,60008.0,1.25
Store D,West,Grocery,Rice,2025-12-28,6,4094.64,135,56,43915.59,1.12
Store D,West,Grocery,Cooking Oil,2025-12-28,14,11766.89,349,224,190894.07,0.74
Store A,North,Grocery,Rice,2025-12-28,14,12801.8,932,217,115552.27,1.33
Store C,East,Home & Lifestyle,Lamp,2025-12-28,13,20344.48,799,159,172193.59,1.42
Store B,South,Grocery,Snacks,2025-12-29,11,9345.39,461,176,164198.96,0.68
Store B,South,Grocery,Spices,2025-12-29,8,3875.26,222,139,45230.53,1.03
Store B,South,Home & Lifestyle,Lamp,2025-12-29,7,12605.61,311,112,146497.19,1.03
Store D,West,Grocery,Snacks,2025-12-30,14,11151.45,202,159,98454.16,1.36
Store D,West,Home & Lifestyle,Lamp,2025-12-30,14,48090.47,501,208,529751.63,1.09
Store B,South,Grocery,Cooking Oil,2025-12-30,9,10880.2,508,124,95923.44,1.36
Store B,South,Grocery,Snacks,2025-12-30,9,5927.61,406,135,94387.37,0.75
Store A,North,Home & Lifestyle,Cushion,2025-12-30,15,59300.35,906,232,748436.09,0.95
Store D,West,Grocery,Cooking Oil,2025-12-31,5,4851.85,621,107,66586.69,0.87
Store A,North,Electronics,Tablet,2025-12-31,2,31323.77,153,48,703873.27,0.53
Store B,South,Grocery,Rice,2025-12-31,6,3241.0,800,72,42300.28,0.92
Store B,South,Grocery,Cooking Oil,2025-12-31,10,9303.97,137,136,119534.18,0.93
Store C,East,Home & Lifestyle,Storage Box,2025-12-31,12,22052.41,148,134,214615.45,1.23
